portal_origen;tipo;url_antigua;url_nueva_portal_unico
LA;pages;https://brazilianlumberlosangeles.com/anaheim/;https://brazilianlumber.com/locations/anaheim/
LA;pages;https://brazilianlumberlosangeles.com/arcadia/;https://brazilianlumber.com/areas-we-serve/
LA;pages;https://brazilianlumberlosangeles.com/bakersfield/;https://brazilianlumber.com/locations/bakersfield/
LA;pages;https://brazilianlumberlosangeles.com/beverly-hills/;https://brazilianlumber.com/areas-we-serve/
LA;pages;https://brazilianlumberlosangeles.com/brea/;https://brazilianlumber.com/areas-we-serve/
LA;pages;https://brazilianlumberlosangeles.com/brentwood/;https://brazilianlumber.com/locations/brentwood/
LA;pages;https://brazilianlumberlosangeles.com/burbank/;https://brazilianlumber.com/locations/burbank/
LA;pages;https://brazilianlumberlosangeles.com/calabasas/;https://brazilianlumber.com/areas-we-serve/
LA;pages;https://brazilianlumberlosangeles.com/calculator/;https://brazilianlumber.com/calculator/
LA;pages;https://brazilianlumberlosangeles.com/carpinteria/;https://brazilianlumber.com/locations/carpinteria/
LA;categories;https://brazilianlumberlosangeles.com/category/cladding/;https://brazilianlumber.com/guides/cladding/
LA;categories;https://brazilianlumberlosangeles.com/category/composite-decking/;https://brazilianlumber.com/guides/composite-decking/
LA;categories;https://brazilianlumberlosangeles.com/category/cumaru/;https://brazilianlumber.com/guides/cumaru/
LA;categories;https://brazilianlumberlosangeles.com/category/ipe/;https://brazilianlumber.com/guides/ipe/
LA;categories;https://brazilianlumberlosangeles.com/category/pvc/;https://brazilianlumber.com/guides/pvc/
LA;categories;https://brazilianlumberlosangeles.com/category/uncategorized/;https://brazilianlumber.com/guides/
LA;categories;https://brazilianlumberlosangeles.com/category/wall-panels/;https://brazilianlumber.com/guides/wall-panels/
LA;pages;https://brazilianlumberlosangeles.com/checkout/;https://brazilianlumber.com/
LA;pages;https://brazilianlumberlosangeles.com/chula-vista/;https://brazilianlumber.com/locations/chula-vista/
LA;pages;https://brazilianlumberlosangeles.com/costa-mesa/;https://brazilianlumber.com/locations/costa-mesa/
LA;pages;https://brazilianlumberlosangeles.com/cumaru/;https://brazilianlumber.com/decking/tropical-hardwood/cumaru/
LA;pages;https://brazilianlumberlosangeles.com/deckotech/;https://brazilianlumber.com/decking/composite/deckotech/
LA;pages;https://brazilianlumberlosangeles.com/diamond-bar/;https://brazilianlumber.com/areas-we-serve/
LA;pages;https://brazilianlumberlosangeles.com/download-our-brochure/;https://brazilianlumber.com/download-our-brochure/
LA;pages;https://brazilianlumberlosangeles.com/download-our-deck-preparation-checklist/;https://brazilianlumber.com/
LA;pages;https://brazilianlumberlosangeles.com/el-segundo/;https://brazilianlumber.com/areas-we-serve/
LA;pages;https://brazilianlumberlosangeles.com/encino/;https://brazilianlumber.com/areas-we-serve/
LA;pages;https://brazilianlumberlosangeles.com/fontana/;https://brazilianlumber.com/locations/fontana/
LA;pages;https://brazilianlumberlosangeles.com/fremont/;https://brazilianlumber.com/locations/fremont/
LA;pages;https://brazilianlumberlosangeles.com/fresno/;https://brazilianlumber.com/locations/fresno/
LA;pages;https://brazilianlumberlosangeles.com/garapa/;https://brazilianlumber.com/decking/tropical-hardwood/garapa/
LA;pages;https://brazilianlumberlosangeles.com/glendale/;https://brazilianlumber.com/areas-we-serve/
LA;pages;https://brazilianlumberlosangeles.com/hardwoods-in-summerland/;https://brazilianlumber.com/areas-we-serve/
LA;pages;https://brazilianlumberlosangeles.com/hollywood/;https://brazilianlumber.com/locations/hollywood/
LA;pages;https://brazilianlumberlosangeles.com/huntington-beach/;https://brazilianlumber.com/locations/huntington-beach/
LA;pages;https://brazilianlumberlosangeles.com/ipe-decking-los-angeles-ca/;https://brazilianlumber.com/locations/ipe-decking-los-angeles-ca/
LA;pages;https://brazilianlumberlosangeles.com/irvine-2/;https://brazilianlumber.com/areas-we-serve/
LA;pages;https://brazilianlumberlosangeles.com/irvine/;https://brazilianlumber.com/areas-we-serve/
LA;pages;https://brazilianlumberlosangeles.com/la-canada/;https://brazilianlumber.com/areas-we-serve/
LA;pages;https://brazilianlumberlosangeles.com/la-crescenta/;https://brazilianlumber.com/areas-we-serve/
LA;pages;https://brazilianlumberlosangeles.com/laguna-beach/;https://brazilianlumber.com/locations/laguna-beach/
LA;pages;https://brazilianlumberlosangeles.com/long-beach/;https://brazilianlumber.com/locations/long-beach/
LA;pages;https://brazilianlumberlosangeles.com/los-angeles/;https://brazilianlumber.com/locations/los-angeles/
LA;pages;https://brazilianlumberlosangeles.com/malibu/;https://brazilianlumber.com/locations/malibu/
LA;pages;https://brazilianlumberlosangeles.com/manhattan-beach/;https://brazilianlumber.com/areas-we-serve/
LA;pages;https://brazilianlumberlosangeles.com/marina-del-rey/;https://brazilianlumber.com/areas-we-serve/
LA;pages;https://brazilianlumberlosangeles.com/modesto/;https://brazilianlumber.com/locations/modesto/
LA;pages;https://brazilianlumberlosangeles.com/montecito/;https://brazilianlumber.com/areas-we-serve/
LA;pages;https://brazilianlumberlosangeles.com/montrose/;https://brazilianlumber.com/areas-we-serve/
LA;pages;https://brazilianlumberlosangeles.com/moreno-valley/;https://brazilianlumber.com/areas-we-serve/
LA;pages;https://brazilianlumberlosangeles.com/my-account/;https://brazilianlumber.com/
LA;pages;https://brazilianlumberlosangeles.com/north-hollywood/;https://brazilianlumber.com/locations/north-hollywood/
LA;pages;https://brazilianlumberlosangeles.com/oakland/;https://brazilianlumber.com/locations/oakland/
LA;pages;https://brazilianlumberlosangeles.com/orange-county/;https://brazilianlumber.com/locations/orange-county/
LA;pages;https://brazilianlumberlosangeles.com/oxnard/;https://brazilianlumber.com/locations/oxnard/
LA;pages;https://brazilianlumberlosangeles.com/pacific-palisades/;https://brazilianlumber.com/areas-we-serve/
LA;pages;https://brazilianlumberlosangeles.com/pasadena/;https://brazilianlumber.com/locations/pasadena/
LA;pages;https://brazilianlumberlosangeles.com/pay-with-affirm/;https://brazilianlumber.com/
LA;product_cat;https://brazilianlumberlosangeles.com/product-category/artificial-grass/;https://brazilianlumber.com/landscaping/artificial-turf/
LA;product_cat;https://brazilianlumberlosangeles.com/product-category/ash/;https://brazilianlumber.com/lumber/domestic-hardwood/
LA;product_cat;https://brazilianlumberlosangeles.com/product-category/ayous/;https://brazilianlumber.com/decking/thermally-modified/ayous/
LA;product_cat;https://brazilianlumberlosangeles.com/product-category/battens-and-louvers/;https://brazilianlumber.com/cladding-siding/battens-louvers/
LA;product_cat;https://brazilianlumberlosangeles.com/product-category/california-redwood/;https://brazilianlumber.com/lumber/softwood/
LA;product_cat;https://brazilianlumberlosangeles.com/product-category/cedar/;https://brazilianlumber.com/lumber/softwood/
LA;product_cat;https://brazilianlumberlosangeles.com/product-category/cladding/;https://brazilianlumber.com/cladding-siding/
LA;product_cat;https://brazilianlumberlosangeles.com/product-category/composite-cladding/;https://brazilianlumber.com/cladding-siding/composite/
LA;product_cat;https://brazilianlumberlosangeles.com/product-category/composite-decking/;https://brazilianlumber.com/decking/composite/
LA;product_cat;https://brazilianlumberlosangeles.com/product-category/cumaru-deck-tiles/;https://brazilianlumber.com/decking/deck-tiles/
LA;product_cat;https://brazilianlumberlosangeles.com/product-category/cumaru-wood-wall-panels/;https://brazilianlumber.com/cladding-siding/wood-wall-panels/
LA;product_cat;https://brazilianlumberlosangeles.com/product-category/cumaru/;https://brazilianlumber.com/decking/tropical-hardwood/cumaru/
LA;product_cat;https://brazilianlumberlosangeles.com/product-category/cypress/;https://brazilianlumber.com/lumber/softwood/
LA;product_cat;https://brazilianlumberlosangeles.com/product-category/decking-accessories/;https://brazilianlumber.com/accessories/
LA;product_cat;https://brazilianlumberlosangeles.com/product-category/decking/;https://brazilianlumber.com/decking/
LA;product_cat;https://brazilianlumberlosangeles.com/product-category/deckotech/;https://brazilianlumber.com/decking/composite/deckotech/
LA;product_cat;https://brazilianlumberlosangeles.com/product-category/deckotech/deckotech-battens-and-louvers/;https://brazilianlumber.com/cladding-siding/battens-louvers/
LA;product_cat;https://brazilianlumberlosangeles.com/product-category/deckotech/deckotech-cladding/;https://brazilianlumber.com/cladding-siding/composite/
LA;product_cat;https://brazilianlumberlosangeles.com/product-category/deckotech/deckotech-decking/;https://brazilianlumber.com/decking/composite/deckotech/
LA;product_cat;https://brazilianlumberlosangeles.com/product-category/deckotech/deckotech-fences-gates/;https://brazilianlumber.com/fencing-gates/composite/
LA;product_cat;https://brazilianlumberlosangeles.com/product-category/deckotech/terra-collection/;https://brazilianlumber.com/decking/composite/deckotech/
LA;product_cat;https://brazilianlumberlosangeles.com/product-category/douglas-fir/;https://brazilianlumber.com/lumber/softwood/
LA;product_cat;https://brazilianlumberlosangeles.com/product-category/fences-and-gates/;https://brazilianlumber.com/fencing-gates/
LA;product_cat;https://brazilianlumberlosangeles.com/product-category/garapa-wood-wall-panels/;https://brazilianlumber.com/cladding-siding/wood-wall-panels/
LA;product_cat;https://brazilianlumberlosangeles.com/product-category/garapa/;https://brazilianlumber.com/decking/tropical-hardwood/garapa/
LA;product_cat;https://brazilianlumberlosangeles.com/product-category/grid-cladding/;https://brazilianlumber.com/cladding-siding/composite/
LA;product_cat;https://brazilianlumberlosangeles.com/product-category/hot-deals/;https://brazilianlumber.com/shop/
LA;product_cat;https://brazilianlumberlosangeles.com/product-category/ipe-wood-wall-panels/;https://brazilianlumber.com/cladding-siding/wood-wall-panels/
LA;product_cat;https://brazilianlumberlosangeles.com/product-category/ipe-wood/;https://brazilianlumber.com/decking/tropical-hardwood/ipe/
LA;product_cat;https://brazilianlumberlosangeles.com/product-category/jatoba-wood-wall-panels/;https://brazilianlumber.com/cladding-siding/wood-wall-panels/
LA;product_cat;https://brazilianlumberlosangeles.com/product-category/jatoba/;https://brazilianlumber.com/decking/tropical-hardwood/jatoba/
LA;product_cat;https://brazilianlumberlosangeles.com/product-category/live-edge-slabs/;https://brazilianlumber.com/slabs/
LA;product_cat;https://brazilianlumberlosangeles.com/product-category/mahogany-wood/;https://brazilianlumber.com/lumber/domestic-hardwood/
LA;product_cat;https://brazilianlumberlosangeles.com/product-category/maple-wood/;https://brazilianlumber.com/lumber/domestic-hardwood/
LA;product_cat;https://brazilianlumberlosangeles.com/product-category/massaranduba-wood/;https://brazilianlumber.com/decking/tropical-hardwood/massaranduba/
LA;product_cat;https://brazilianlumberlosangeles.com/product-category/oak/;https://brazilianlumber.com/lumber/domestic-hardwood/
LA;product_cat;https://brazilianlumberlosangeles.com/product-category/pine/;https://brazilianlumber.com/lumber/softwood/
LA;product_cat;https://brazilianlumberlosangeles.com/product-category/piquia/;https://brazilianlumber.com/decking/tropical-hardwood/piquia/
LA;product_cat;https://brazilianlumberlosangeles.com/product-category/poplar-wood-wall-panels/;https://brazilianlumber.com/cladding-siding/wood-wall-panels/
LA;product_cat;https://brazilianlumberlosangeles.com/product-category/red-oak-wood-wall-panels/;https://brazilianlumber.com/cladding-siding/wood-wall-panels/
LA;product_cat;https://brazilianlumberlosangeles.com/product-category/santos-mahogany-wood/;https://brazilianlumber.com/lumber/domestic-hardwood/
LA;product_cat;https://brazilianlumberlosangeles.com/product-category/sapele/;https://brazilianlumber.com/lumber/domestic-hardwood/
LA;product_cat;https://brazilianlumberlosangeles.com/product-category/spruce/;https://brazilianlumber.com/lumber/softwood/
LA;product_cat;https://brazilianlumberlosangeles.com/product-category/stairboard/;https://brazilianlumber.com/decking/composite/deckotech/
LA;product_cat;https://brazilianlumberlosangeles.com/product-category/teak-wood/;https://brazilianlumber.com/lumber/domestic-hardwood/
LA;product_cat;https://brazilianlumberlosangeles.com/product-category/thermally-treated-wood/;https://brazilianlumber.com/decking/thermally-modified/
LA;product_cat;https://brazilianlumberlosangeles.com/product-category/tigerwood/;https://brazilianlumber.com/decking/tropical-hardwood/tigerwood/
LA;product_cat;https://brazilianlumberlosangeles.com/product-category/tropical-hardwood/;https://brazilianlumber.com/decking/tropical-hardwood/
LA;product_cat;https://brazilianlumberlosangeles.com/product-category/uncategorized/;https://brazilianlumber.com/shop/
LA;product_cat;https://brazilianlumberlosangeles.com/product-category/walnut-wood-wall-panels/;https://brazilianlumber.com/cladding-siding/wood-wall-panels/
LA;product_cat;https://brazilianlumberlosangeles.com/product-category/walnut-wood/;https://brazilianlumber.com/lumber/domestic-hardwood/
LA;product_cat;https://brazilianlumberlosangeles.com/product-category/water-wood-sealer/;https://brazilianlumber.com/accessories/finishes-sealers/
LA;product_cat;https://brazilianlumberlosangeles.com/product-category/white-oak-wood-wall-panels/;https://brazilianlumber.com/cladding-siding/wood-wall-panels/
LA;product_cat;https://brazilianlumberlosangeles.com/product-category/wood-sealer/;https://brazilianlumber.com/accessories/finishes-sealers/
LA;product_cat;https://brazilianlumberlosangeles.com/product-category/wood-wall-panels/;https://brazilianlumber.com/cladding-siding/wood-wall-panels/
LA;product_cat;https://brazilianlumberlosangeles.com/product-category/yellow-pine/;https://brazilianlumber.com/lumber/softwood/
LA;product_tag;https://brazilianlumberlosangeles.com/product-tag/1x10/;https://brazilianlumber.com/decking/tropical-hardwood/ipe/
LA;product_tag;https://brazilianlumberlosangeles.com/product-tag/1x12/;https://brazilianlumber.com/decking/tropical-hardwood/ipe/
LA;product_tag;https://brazilianlumberlosangeles.com/product-tag/1x3/;https://brazilianlumber.com/shop/
LA;product_tag;https://brazilianlumberlosangeles.com/product-tag/1x4/;https://brazilianlumber.com/decking/tropical-hardwood/
LA;product_tag;https://brazilianlumberlosangeles.com/product-tag/1x6/;https://brazilianlumber.com/decking/tropical-hardwood/
LA;product_tag;https://brazilianlumberlosangeles.com/product-tag/1x8/;https://brazilianlumber.com/decking/tropical-hardwood/ipe/
LA;product_tag;https://brazilianlumberlosangeles.com/product-tag/2x12/;https://brazilianlumber.com/lumber/tropical-hardwood/
LA;product_tag;https://brazilianlumberlosangeles.com/product-tag/2x2/;https://brazilianlumber.com/lumber/tropical-hardwood/
LA;product_tag;https://brazilianlumberlosangeles.com/product-tag/2x4/;https://brazilianlumber.com/lumber/tropical-hardwood/
LA;product_tag;https://brazilianlumberlosangeles.com/product-tag/2x6/;https://brazilianlumber.com/lumber/tropical-hardwood/
LA;product_tag;https://brazilianlumberlosangeles.com/product-tag/2x8/;https://brazilianlumber.com/lumber/tropical-hardwood/
LA;product_tag;https://brazilianlumberlosangeles.com/product-tag/3-8-plugs/;https://brazilianlumber.com/accessories/fasteners/
LA;product_tag;https://brazilianlumberlosangeles.com/product-tag/3x10/;https://brazilianlumber.com/decking/tropical-hardwood/ipe/
LA;product_tag;https://brazilianlumberlosangeles.com/product-tag/3x12/;https://brazilianlumber.com/decking/tropical-hardwood/ipe/
LA;product_tag;https://brazilianlumberlosangeles.com/product-tag/3x8/;https://brazilianlumber.com/decking/tropical-hardwood/ipe/
LA;product_tag;https://brazilianlumberlosangeles.com/product-tag/4x10/;https://brazilianlumber.com/lumber/tropical-hardwood/
LA;product_tag;https://brazilianlumberlosangeles.com/product-tag/4x12/;https://brazilianlumber.com/lumber/tropical-hardwood/
LA;product_tag;https://brazilianlumberlosangeles.com/product-tag/4x4/;https://brazilianlumber.com/lumber/tropical-hardwood/
LA;product_tag;https://brazilianlumberlosangeles.com/product-tag/4x6/;https://brazilianlumber.com/lumber/tropical-hardwood/
LA;product_tag;https://brazilianlumberlosangeles.com/product-tag/4x8/;https://brazilianlumber.com/lumber/tropical-hardwood/
LA;product_tag;https://brazilianlumberlosangeles.com/product-tag/5-4x10/;https://brazilianlumber.com/decking/tropical-hardwood/cumaru/
LA;product_tag;https://brazilianlumberlosangeles.com/product-tag/5-4x12-hardwood/;https://brazilianlumber.com/decking/tropical-hardwood/ipe/
LA;product_tag;https://brazilianlumberlosangeles.com/product-tag/5-4x8-hardwood/;https://brazilianlumber.com/decking/tropical-hardwood/ipe/
LA;product_tag;https://brazilianlumberlosangeles.com/product-tag/6x6-hardwood/;https://brazilianlumber.com/lumber/tropical-hardwood/
LA;product_tag;https://brazilianlumberlosangeles.com/product-tag/alternative-to-california-redwood/;https://brazilianlumber.com/shop/
LA;product_tag;https://brazilianlumberlosangeles.com/product-tag/alternative-to-ipe/;https://brazilianlumber.com/lumber/tropical-hardwood/
LA;product_tag;https://brazilianlumberlosangeles.com/product-tag/aluminum-battens-solara/;https://brazilianlumber.com/cladding-siding/battens-louvers/
LA;product_tag;https://brazilianlumberlosangeles.com/product-tag/aluminum-battens/;https://brazilianlumber.com/cladding-siding/battens-louvers/
LA;product_tag;https://brazilianlumberlosangeles.com/product-tag/amazon-wood/;https://brazilianlumber.com/lumber/tropical-hardwood/
LA;product_tag;https://brazilianlumberlosangeles.com/product-tag/and-anti-rot/;https://brazilianlumber.com/lumber/tropical-hardwood/
LA;product_tag;https://brazilianlumberlosangeles.com/product-tag/anti-fungal-decay/;https://brazilianlumber.com/lumber/tropical-hardwood/
LA;product_tag;https://brazilianlumberlosangeles.com/product-tag/anti-termites/;https://brazilianlumber.com/lumber/tropical-hardwood/
LA;product_tag;https://brazilianlumberlosangeles.com/product-tag/balusters/;https://brazilianlumber.com/shop/
LA;product_tag;https://brazilianlumberlosangeles.com/product-tag/beam/;https://brazilianlumber.com/shop/
LA;product_tag;https://brazilianlumberlosangeles.com/product-tag/beams/;https://brazilianlumber.com/shop/
LA;product_tag;https://brazilianlumberlosangeles.com/product-tag/best-price/;https://brazilianlumber.com/shop/
LA;product_tag;https://brazilianlumberlosangeles.com/product-tag/best-prices/;https://brazilianlumber.com/shop/
LA;product_tag;https://brazilianlumberlosangeles.com/product-tag/best/;https://brazilianlumber.com/decking/
LA;product_tag;https://brazilianlumberlosangeles.com/product-tag/brazilian-hardwood/;https://brazilianlumber.com/shop/
LA;product_tag;https://brazilianlumberlosangeles.com/product-tag/brazilian-walnut/;https://brazilianlumber.com/decking/tropical-hardwood/ipe/
LA;product_tag;https://brazilianlumberlosangeles.com/product-tag/brazilian-wood/;https://brazilianlumber.com/lumber/tropical-hardwood/
LA;product_tag;https://brazilianlumberlosangeles.com/product-tag/brigdes/;https://brazilianlumber.com/lumber/tropical-hardwood/
LA;product_tag;https://brazilianlumberlosangeles.com/product-tag/buffalo/;https://brazilianlumber.com/shop/
LA;product_tag;https://brazilianlumberlosangeles.com/product-tag/building/;https://brazilianlumber.com/shop/
LA;product_tag;https://brazilianlumberlosangeles.com/product-tag/calibamboo/;https://brazilianlumber.com/decking/bamboo/
LA;product_tag;https://brazilianlumberlosangeles.com/product-tag/carpentry/;https://brazilianlumber.com/shop/
LA;product_tag;https://brazilianlumberlosangeles.com/product-tag/cheapest-material/;https://brazilianlumber.com/shop/
LA;product_tag;https://brazilianlumberlosangeles.com/product-tag/cladding/;https://brazilianlumber.com/shop/
LA;product_tag;https://brazilianlumberlosangeles.com/product-tag/combo-maintenance/;https://brazilianlumber.com/accessories/maintenance/
LA;product_tag;https://brazilianlumberlosangeles.com/product-tag/commercial-project/;https://brazilianlumber.com/decking/tropical-hardwood/cumaru/
LA;product_tag;https://brazilianlumberlosangeles.com/product-tag/composite-cladding/;https://brazilianlumber.com/shop/
LA;product_tag;https://brazilianlumberlosangeles.com/product-tag/composite-decking/;https://brazilianlumber.com/decking/bamboo/
LA;product_tag;https://brazilianlumberlosangeles.com/product-tag/composite-wood-decking/;https://brazilianlumber.com/decking/bamboo/
LA;product_tag;https://brazilianlumberlosangeles.com/product-tag/contractor-bucket/;https://brazilianlumber.com/accessories/fasteners/
LA;product_tag;https://brazilianlumberlosangeles.com/product-tag/contractor-buckets/;https://brazilianlumber.com/accessories/fasteners/
LA;product_tag;https://brazilianlumberlosangeles.com/product-tag/cool-diamond/;https://brazilianlumber.com/shop/
LA;product_tag;https://brazilianlumberlosangeles.com/product-tag/cool-surface/;https://brazilianlumber.com/shop/
LA;product_tag;https://brazilianlumberlosangeles.com/product-tag/corner-grid-cladding/;https://brazilianlumber.com/cladding-siding/composite/
LA;product_tag;https://brazilianlumberlosangeles.com/product-tag/cumaru-beams-and-pergola/;https://brazilianlumber.com/shop/
LA;product_tag;https://brazilianlumberlosangeles.com/product-tag/cumaru/;https://brazilianlumber.com/shop/
LA;product_tag;https://brazilianlumberlosangeles.com/product-tag/deck-and-wood-brightener-part-2/;https://brazilianlumber.com/accessories/
LA;product_tag;https://brazilianlumberlosangeles.com/product-tag/deck-and-wood-cleaner-part-1/;https://brazilianlumber.com/accessories/maintenance/
LA;product_tag;https://brazilianlumberlosangeles.com/product-tag/deck-decking-deckwise/;https://brazilianlumber.com/accessories/fasteners/
LA;product_tag;https://brazilianlumberlosangeles.com/product-tag/deck-flashing/;https://brazilianlumber.com/accessories/substructure/
LA;product_tag;https://brazilianlumberlosangeles.com/product-tag/deck-hardware/;https://brazilianlumber.com/accessories/finishes-sealers/
LA;product_tag;https://brazilianlumberlosangeles.com/product-tag/deck-joist-tape/;https://brazilianlumber.com/accessories/substructure/
LA;product_tag;https://brazilianlumberlosangeles.com/product-tag/deck-joists/;https://brazilianlumber.com/accessories/substructure/
LA;product_tag;https://brazilianlumberlosangeles.com/product-tag/deck-maintenance-2/;https://brazilianlumber.com/shop/
LA;product_tag;https://brazilianlumberlosangeles.com/product-tag/deck-maintenance-kit/;https://brazilianlumber.com/shop/
LA;product_tag;https://brazilianlumberlosangeles.com/product-tag/deck-maintenance/;https://brazilianlumber.com/accessories/
LA;product_tag;https://brazilianlumberlosangeles.com/product-tag/deck-posts/;https://brazilianlumber.com/accessories/substructure/
LA;product_tag;https://brazilianlumberlosangeles.com/product-tag/deck-wise/;https://brazilianlumber.com/accessories/
LA;product_tag;https://brazilianlumberlosangeles.com/product-tag/deck/;https://brazilianlumber.com/shop/
LA;product_tag;https://brazilianlumberlosangeles.com/product-tag/decking-materials/;https://brazilianlumber.com/shop/
LA;product_tag;https://brazilianlumberlosangeles.com/product-tag/decking/;https://brazilianlumber.com/shop/
LA;product_tag;https://brazilianlumberlosangeles.com/product-tag/deckotech/;https://brazilianlumber.com/shop/
LA;product_tag;https://brazilianlumberlosangeles.com/product-tag/decks/;https://brazilianlumber.com/lumber/tropical-hardwood/
LA;product_tag;https://brazilianlumberlosangeles.com/product-tag/deckwise/;https://brazilianlumber.com/accessories/
LA;product_tag;https://brazilianlumberlosangeles.com/product-tag/deckwisea%c2%a8/;https://brazilianlumber.com/shop/
LA;product_tag;https://brazilianlumberlosangeles.com/product-tag/dock/;https://brazilianlumber.com/shop/
LA;product_tag;https://brazilianlumberlosangeles.com/product-tag/drill-and-drive-kit/;https://brazilianlumber.com/accessories/fasteners/
LA;product_tag;https://brazilianlumberlosangeles.com/product-tag/durable-in-ground-contact/;https://brazilianlumber.com/lumber/tropical-hardwood/
LA;product_tag;https://brazilianlumberlosangeles.com/product-tag/eco-friendly-decking/;https://brazilianlumber.com/decking/bamboo/
LA;product_tag;https://brazilianlumberlosangeles.com/product-tag/emerald-putt/;https://brazilianlumber.com/shop/
LA;product_tag;https://brazilianlumberlosangeles.com/product-tag/exotic-hardwood/;https://brazilianlumber.com/shop/
LA;product_tag;https://brazilianlumberlosangeles.com/product-tag/exotic-wood/;https://brazilianlumber.com/shop/
LA;product_tag;https://brazilianlumberlosangeles.com/product-tag/exterior-construction/;https://brazilianlumber.com/lumber/tropical-hardwood/
LA;product_tag;https://brazilianlumberlosangeles.com/product-tag/exterior/;https://brazilianlumber.com/shop/
LA;product_tag;https://brazilianlumberlosangeles.com/product-tag/exteriors/;https://brazilianlumber.com/shop/
LA;product_tag;https://brazilianlumberlosangeles.com/product-tag/fake-wood/;https://brazilianlumber.com/decking/bamboo/
LA;product_tag;https://brazilianlumberlosangeles.com/product-tag/fascia-boards-in-ipe-1x12/;https://brazilianlumber.com/decking/tropical-hardwood/ipe/
LA;product_tag;https://brazilianlumberlosangeles.com/product-tag/fascia-boards-in-ipe-1x8/;https://brazilianlumber.com/decking/tropical-hardwood/ipe/
LA;product_tag;https://brazilianlumberlosangeles.com/product-tag/fasteners/;https://brazilianlumber.com/accessories/fasteners/
LA;product_tag;https://brazilianlumberlosangeles.com/product-tag/fence/;https://brazilianlumber.com/shop/
LA;product_tag;https://brazilianlumberlosangeles.com/product-tag/finishing-trim-terra/;https://brazilianlumber.com/decking/composite/deckotech/
LA;product_tag;https://brazilianlumberlosangeles.com/product-tag/forest-stewardsip-council-certified/;https://brazilianlumber.com/shop/
LA;product_tag;https://brazilianlumberlosangeles.com/product-tag/garapa/;https://brazilianlumber.com/shop/
LA;product_tag;https://brazilianlumberlosangeles.com/product-tag/gorilla-glue/;https://brazilianlumber.com/accessories/fasteners/
LA;product_tag;https://brazilianlumberlosangeles.com/product-tag/grand-grid-cladding/;https://brazilianlumber.com/cladding-siding/composite/
LA;product_tag;https://brazilianlumberlosangeles.com/product-tag/green-heaven/;https://brazilianlumber.com/shop/
LA;product_tag;https://brazilianlumberlosangeles.com/product-tag/green-options/;https://brazilianlumber.com/shop/
LA;product_tag;https://brazilianlumberlosangeles.com/product-tag/grid-cladding-terra/;https://brazilianlumber.com/cladding-siding/composite/
LA;product_tag;https://brazilianlumberlosangeles.com/product-tag/grid-cladding/;https://brazilianlumber.com/cladding-siding/composite/
LA;product_tag;https://brazilianlumberlosangeles.com/product-tag/grid-strong-double-gate/;https://brazilianlumber.com/fencing-gates/gates/
LA;product_tag;https://brazilianlumberlosangeles.com/product-tag/grid-strong-fence-set/;https://brazilianlumber.com/fencing-gates/composite/
LA;product_tag;https://brazilianlumberlosangeles.com/product-tag/grooved-two-sides/;https://brazilianlumber.com/decking/composite/deckotech/
LA;product_tag;https://brazilianlumberlosangeles.com/product-tag/hardwood-deck/;https://brazilianlumber.com/accessories/finishes-sealers/
LA;product_tag;https://brazilianlumberlosangeles.com/product-tag/hardwood-end-grain-sealer/;https://brazilianlumber.com/accessories/finishes-sealers/
LA;product_tag;https://brazilianlumberlosangeles.com/product-tag/hardwood/;https://brazilianlumber.com/shop/
LA;product_tag;https://brazilianlumberlosangeles.com/product-tag/hidden-deck-fasteners/;https://brazilianlumber.com/accessories/fasteners/
LA;product_tag;https://brazilianlumberlosangeles.com/product-tag/hidden-siding-fasteners/;https://brazilianlumber.com/accessories/fasteners/
LA;product_tag;https://brazilianlumberlosangeles.com/product-tag/high-bending-strength/;https://brazilianlumber.com/shop/
LA;product_tag;https://brazilianlumberlosangeles.com/product-tag/home-project/;https://brazilianlumber.com/decking/tropical-hardwood/cumaru/
LA;product_tag;https://brazilianlumberlosangeles.com/product-tag/hot-deals/;https://brazilianlumber.com/shop/
LA;product_tag;https://brazilianlumberlosangeles.com/product-tag/imported-hardwood/;https://brazilianlumber.com/decking/tropical-hardwood/
LA;product_tag;https://brazilianlumberlosangeles.com/product-tag/interior-design/;https://brazilianlumber.com/shop/
LA;product_tag;https://brazilianlumberlosangeles.com/product-tag/interlocked-grain/;https://brazilianlumber.com/lumber/tropical-hardwood/
LA;product_tag;https://brazilianlumberlosangeles.com/product-tag/ipe-5-4x10/;https://brazilianlumber.com/decking/tropical-hardwood/ipe/
LA;product_tag;https://brazilianlumberlosangeles.com/product-tag/ipe-beams-and-pergola/;https://brazilianlumber.com/lumber/tropical-hardwood/
LA;product_tag;https://brazilianlumberlosangeles.com/product-tag/ipe-cladding/;https://brazilianlumber.com/decking/tropical-hardwood/ipe/
LA;product_tag;https://brazilianlumberlosangeles.com/product-tag/ipe-clip/;https://brazilianlumber.com/accessories/fasteners/
LA;product_tag;https://brazilianlumberlosangeles.com/product-tag/ipe-clips/;https://brazilianlumber.com/accessories/fasteners/
LA;product_tag;https://brazilianlumberlosangeles.com/product-tag/ipe-deck-installation/;https://brazilianlumber.com/accessories/fasteners/
LA;product_tag;https://brazilianlumberlosangeles.com/product-tag/ipe-decks/;https://brazilianlumber.com/shop/
LA;product_tag;https://brazilianlumberlosangeles.com/product-tag/ipe-docks/;https://brazilianlumber.com/shop/
LA;product_tag;https://brazilianlumberlosangeles.com/product-tag/ipe-fence/;https://brazilianlumber.com/shop/
LA;product_tag;https://brazilianlumberlosangeles.com/product-tag/ipe-oil/;https://brazilianlumber.com/accessories/finishes-sealers/
LA;product_tag;https://brazilianlumberlosangeles.com/product-tag/ipe-plugs/;https://brazilianlumber.com/accessories/fasteners/
LA;product_tag;https://brazilianlumberlosangeles.com/product-tag/ipe-seal/;https://brazilianlumber.com/accessories/finishes-sealers/
LA;product_tag;https://brazilianlumberlosangeles.com/product-tag/ipe-wood-plugs/;https://brazilianlumber.com/accessories/fasteners/
LA;product_tag;https://brazilianlumberlosangeles.com/product-tag/ipe-wood/;https://brazilianlumber.com/cladding-siding/wood-wall-panels/
LA;product_tag;https://brazilianlumberlosangeles.com/product-tag/ipe/;https://brazilianlumber.com/shop/
LA;product_tag;https://brazilianlumberlosangeles.com/product-tag/iron-wood/;https://brazilianlumber.com/shop/
LA;product_tag;https://brazilianlumberlosangeles.com/product-tag/ironwood/;https://brazilianlumber.com/shop/
LA;product_tag;https://brazilianlumberlosangeles.com/product-tag/ivy/;https://brazilianlumber.com/landscaping/artificial-ivy/
LA;product_tag;https://brazilianlumberlosangeles.com/product-tag/jatoba/;https://brazilianlumber.com/cladding-siding/wood-wall-panels/
LA;product_tag;https://brazilianlumberlosangeles.com/product-tag/jetties/;https://brazilianlumber.com/lumber/tropical-hardwood/
LA;product_tag;https://brazilianlumberlosangeles.com/product-tag/joist-tape/;https://brazilianlumber.com/accessories/substructure/
LA;product_tag;https://brazilianlumberlosangeles.com/product-tag/k9-lush/;https://brazilianlumber.com/shop/
LA;product_tag;https://brazilianlumberlosangeles.com/product-tag/landscaping/;https://brazilianlumber.com/lumber/tropical-hardwood/
LA;product_tag;https://brazilianlumberlosangeles.com/product-tag/ledger-boards/;https://brazilianlumber.com/accessories/substructure/
LA;product_tag;https://brazilianlumberlosangeles.com/product-tag/ledger-tape/;https://brazilianlumber.com/accessories/substructure/
LA;product_tag;https://brazilianlumberlosangeles.com/product-tag/legally-harvested-wood/;https://brazilianlumber.com/shop/
LA;product_tag;https://brazilianlumberlosangeles.com/product-tag/low-maintenance-materials/;https://brazilianlumber.com/shop/
LA;product_tag;https://brazilianlumberlosangeles.com/product-tag/lumber/;https://brazilianlumber.com/shop/
LA;product_tag;https://brazilianlumberlosangeles.com/product-tag/massaranduba/;https://brazilianlumber.com/shop/
LA;product_tag;https://brazilianlumberlosangeles.com/product-tag/massranduba/;https://brazilianlumber.com/lumber/tropical-hardwood/
LA;product_tag;https://brazilianlumberlosangeles.com/product-tag/no-cracks/;https://brazilianlumber.com/shop/
LA;product_tag;https://brazilianlumberlosangeles.com/product-tag/no-splinters/;https://brazilianlumber.com/shop/
LA;product_tag;https://brazilianlumberlosangeles.com/product-tag/norx-decking/;https://brazilianlumber.com/shop/
LA;product_tag;https://brazilianlumberlosangeles.com/product-tag/oak/;https://brazilianlumber.com/cladding-siding/wood-wall-panels/
LA;product_tag;https://brazilianlumberlosangeles.com/product-tag/outdoor-construction/;https://brazilianlumber.com/lumber/tropical-hardwood/
LA;product_tag;https://brazilianlumberlosangeles.com/product-tag/outdoor-living/;https://brazilianlumber.com/shop/
LA;product_tag;https://brazilianlumberlosangeles.com/product-tag/outdoor-projects/;https://brazilianlumber.com/lumber/tropical-hardwood/
LA;product_tag;https://brazilianlumberlosangeles.com/product-tag/outdoor/;https://brazilianlumber.com/shop/
LA;product_tag;https://brazilianlumberlosangeles.com/product-tag/performs-under-heavey-load/;https://brazilianlumber.com/shop/
LA;product_tag;https://brazilianlumberlosangeles.com/product-tag/pergola/;https://brazilianlumber.com/shop/
LA;product_tag;https://brazilianlumberlosangeles.com/product-tag/pine/;https://brazilianlumber.com/shop/
LA;product_tag;https://brazilianlumberlosangeles.com/product-tag/piquia/;https://brazilianlumber.com/shop/
LA;product_tag;https://brazilianlumberlosangeles.com/product-tag/planter-boxes/;https://brazilianlumber.com/lumber/tropical-hardwood/
LA;product_tag;https://brazilianlumberlosangeles.com/product-tag/plastic-decking/;https://brazilianlumber.com/decking/bamboo/
LA;product_tag;https://brazilianlumberlosangeles.com/product-tag/play-structures/;https://brazilianlumber.com/lumber/tropical-hardwood/
LA;product_tag;https://brazilianlumberlosangeles.com/product-tag/plugs/;https://brazilianlumber.com/accessories/fasteners/
LA;product_tag;https://brazilianlumberlosangeles.com/product-tag/poles/;https://brazilianlumber.com/lumber/tropical-hardwood/
LA;product_tag;https://brazilianlumberlosangeles.com/product-tag/poplar/;https://brazilianlumber.com/cladding-siding/wood-wall-panels/
LA;product_tag;https://brazilianlumberlosangeles.com/product-tag/post-railing-pergola-beam/;https://brazilianlumber.com/shop/
LA;product_tag;https://brazilianlumberlosangeles.com/product-tag/prestige-grooved/;https://brazilianlumber.com/decking/composite/deckotech/
LA;product_tag;https://brazilianlumberlosangeles.com/product-tag/prestige/;https://brazilianlumber.com/shop/
LA;product_tag;https://brazilianlumberlosangeles.com/product-tag/prime/;https://brazilianlumber.com/shop/
LA;product_tag;https://brazilianlumberlosangeles.com/product-tag/pvc-decking/;https://brazilianlumber.com/decking/bamboo/
LA;product_tag;https://brazilianlumberlosangeles.com/product-tag/rafters/;https://brazilianlumber.com/shop/
LA;product_tag;https://brazilianlumberlosangeles.com/product-tag/railing/;https://brazilianlumber.com/shop/
LA;product_tag;https://brazilianlumberlosangeles.com/product-tag/red-colored-wood/;https://brazilianlumber.com/shop/
LA;product_tag;https://brazilianlumberlosangeles.com/product-tag/red-oak/;https://brazilianlumber.com/cladding-siding/wood-wall-panels/
LA;product_tag;https://brazilianlumberlosangeles.com/product-tag/remodeling/;https://brazilianlumber.com/shop/
LA;product_tag;https://brazilianlumberlosangeles.com/product-tag/robust-wood-for-skirting-fascia/;https://brazilianlumber.com/decking/tropical-hardwood/cumaru/
LA;product_tag;https://brazilianlumberlosangeles.com/product-tag/royal-turf/;https://brazilianlumber.com/landscaping/artificial-turf/
LA;product_tag;https://brazilianlumberlosangeles.com/product-tag/royal/;https://brazilianlumber.com/landscaping/artificial-turf/
LA;product_tag;https://brazilianlumberlosangeles.com/product-tag/screw-hole-plugs/;https://brazilianlumber.com/accessories/fasteners/
LA;product_tag;https://brazilianlumberlosangeles.com/product-tag/sheetpiling/;https://brazilianlumber.com/lumber/tropical-hardwood/
LA;product_tag;https://brazilianlumberlosangeles.com/product-tag/shiplap-cladding/;https://brazilianlumber.com/cladding-siding/composite/
LA;product_tag;https://brazilianlumberlosangeles.com/product-tag/shiplap-corner-piece-terra/;https://brazilianlumber.com/cladding-siding/composite/
LA;product_tag;https://brazilianlumberlosangeles.com/product-tag/siding/;https://brazilianlumber.com/shop/
LA;product_tag;https://brazilianlumberlosangeles.com/product-tag/silent-haven-fencing/;https://brazilianlumber.com/fencing-gates/composite/
LA;product_tag;https://brazilianlumberlosangeles.com/product-tag/silver-feather/;https://brazilianlumber.com/shop/
LA;product_tag;https://brazilianlumberlosangeles.com/product-tag/smooth-shield-double-gate/;https://brazilianlumber.com/decking/composite/deckotech/
LA;product_tag;https://brazilianlumberlosangeles.com/product-tag/smooth-shield-fence-set/;https://brazilianlumber.com/decking/composite/deckotech/
LA;product_tag;https://brazilianlumberlosangeles.com/product-tag/smooth-shield-single-gate/;https://brazilianlumber.com/decking/composite/deckotech/
LA;product_tag;https://brazilianlumberlosangeles.com/product-tag/solara/;https://brazilianlumber.com/cladding-siding/
LA;product_tag;https://brazilianlumberlosangeles.com/product-tag/square-decking-terra/;https://brazilianlumber.com/decking/composite/deckotech/
LA;product_tag;https://brazilianlumberlosangeles.com/product-tag/stairboard/;https://brazilianlumber.com/decking/composite/deckotech/
LA;product_tag;https://brazilianlumberlosangeles.com/product-tag/stripy-patterned-wood/;https://brazilianlumber.com/lumber/tropical-hardwood/
LA;product_tag;https://brazilianlumberlosangeles.com/product-tag/structural-wood/;https://brazilianlumber.com/lumber/tropical-hardwood/
LA;product_tag;https://brazilianlumberlosangeles.com/product-tag/sustainable-tropical-wood/;https://brazilianlumber.com/shop/
LA;product_tag;https://brazilianlumberlosangeles.com/product-tag/tape/;https://brazilianlumber.com/accessories/substructure/
LA;product_tag;https://brazilianlumberlosangeles.com/product-tag/terra-essence/;https://brazilianlumber.com/decking/composite/deckotech/
LA;product_tag;https://brazilianlumberlosangeles.com/product-tag/terra/;https://brazilianlumber.com/shop/
LA;product_tag;https://brazilianlumberlosangeles.com/product-tag/thermally-treated-wood/;https://brazilianlumber.com/decking/thermally-modified/ayous/
LA;product_tag;https://brazilianlumberlosangeles.com/product-tag/tiger-wood/;https://brazilianlumber.com/decking/tropical-hardwood/tigerwood/
LA;product_tag;https://brazilianlumberlosangeles.com/product-tag/timber-2/;https://brazilianlumber.com/shop/
LA;product_tag;https://brazilianlumberlosangeles.com/product-tag/timber/;https://brazilianlumber.com/shop/
LA;product_tag;https://brazilianlumberlosangeles.com/product-tag/trex/;https://brazilianlumber.com/decking/composite/trex/
LA;product_tag;https://brazilianlumberlosangeles.com/product-tag/tropical-hardwood/;https://brazilianlumber.com/shop/
LA;product_tag;https://brazilianlumberlosangeles.com/product-tag/tropical-wood/;https://brazilianlumber.com/shop/
LA;product_tag;https://brazilianlumberlosangeles.com/product-tag/two-sides-decking/;https://brazilianlumber.com/decking/composite/deckotech/
LA;product_tag;https://brazilianlumberlosangeles.com/product-tag/velvet-red-wood/;https://brazilianlumber.com/shop/
LA;product_tag;https://brazilianlumberlosangeles.com/product-tag/vidar/;https://brazilianlumber.com/shop/
LA;product_tag;https://brazilianlumberlosangeles.com/product-tag/walnut/;https://brazilianlumber.com/cladding-siding/wood-wall-panels/
LA;product_tag;https://brazilianlumberlosangeles.com/product-tag/white-iron-wood/;https://brazilianlumber.com/lumber/tropical-hardwood/
LA;product_tag;https://brazilianlumberlosangeles.com/product-tag/white-oak-wood/;https://brazilianlumber.com/cladding-siding/wood-wall-panels/
LA;product_tag;https://brazilianlumberlosangeles.com/product-tag/wood-floor-plugs/;https://brazilianlumber.com/accessories/fasteners/
LA;product_tag;https://brazilianlumberlosangeles.com/product-tag/wood-plugs/;https://brazilianlumber.com/accessories/fasteners/
LA;product_tag;https://brazilianlumberlosangeles.com/product-tag/wood-wall-panels/;https://brazilianlumber.com/cladding-siding/wood-wall-panels/
LA;product_tag;https://brazilianlumberlosangeles.com/product-tag/wood-work/;https://brazilianlumber.com/shop/
LA;product_tag;https://brazilianlumberlosangeles.com/product-tag/wood/;https://brazilianlumber.com/shop/
LA;product_tag;https://brazilianlumberlosangeles.com/product-tag/yellow-grey-colored-wood/;https://brazilianlumber.com/lumber/tropical-hardwood/
LA;product;https://brazilianlumberlosangeles.com/product/ash-1x6/;https://brazilianlumber.com/product/ash-1x6/
LA;product;https://brazilianlumberlosangeles.com/product/ayous-2x2/;https://brazilianlumber.com/product/ayous-2x2/
LA;product;https://brazilianlumberlosangeles.com/product/brazilian-lumber-cumaru-deck-tiles-24-x-24/;https://brazilianlumber.com/product/brazilian-lumber-cumaru-deck-tiles-24-x-24/
LA;product;https://brazilianlumberlosangeles.com/product/brazilian-lumber-deck-tiles/;https://brazilianlumber.com/product/2x2-ipe-deck-tiles/
LA;product;https://brazilianlumberlosangeles.com/product/cumaru-1x4/;https://brazilianlumber.com/product/cumaru-1x4/
LA;product;https://brazilianlumberlosangeles.com/product/cumaru-1x6-extra/;https://brazilianlumber.com/product/cumaru-1x6-extra/
LA;product;https://brazilianlumberlosangeles.com/product/cumaru-1x6/;https://brazilianlumber.com/product/cumaru-1x6/
LA;product;https://brazilianlumberlosangeles.com/product/cumaru-hardwood-3x10/;https://brazilianlumber.com/product/cumaru-hardwood-3x10/
LA;product;https://brazilianlumberlosangeles.com/product/cumaru-hardwood-3x12/;https://brazilianlumber.com/product/cumaru-hardwood-3x12/
LA;product;https://brazilianlumberlosangeles.com/product/cumaru-hardwood-3x8/;https://brazilianlumber.com/product/cumaru-hardwood-3x8/
LA;product;https://brazilianlumberlosangeles.com/product/cumaru-hardwood-4x6/;https://brazilianlumber.com/product/cumaru-hardwood-4x6/
LA;product;https://brazilianlumberlosangeles.com/product/cumaru-hardwood-5-4x10-2/;https://brazilianlumber.com/product/cumaru-1x4/
LA;product;https://brazilianlumberlosangeles.com/product/cumaru-hardwood-5-4x10/;https://brazilianlumber.com/product/cumaru-wood-wall-panels-5-4x6/
LA;product;https://brazilianlumberlosangeles.com/product/cumaru-hardwood-5-4x12/;https://brazilianlumber.com/product/cumaru-hardwood-5-4x12/
LA;product;https://brazilianlumberlosangeles.com/product/cumaru-hardwood-5-4x4/;https://brazilianlumber.com/product/cumaru-tropical-hardwood-2x6/
LA;product;https://brazilianlumberlosangeles.com/product/cumaru-hardwood-5-4x6/;https://brazilianlumber.com/product/cumaru-hardwood-5-4x6/
LA;product;https://brazilianlumberlosangeles.com/product/cumaru-hardwood-5-4x8/;https://brazilianlumber.com/product/cumaru-hardwood-5-4x8/
LA;product;https://brazilianlumberlosangeles.com/product/cumaru-platinum-1x8/;https://brazilianlumber.com/product/cumaru-platinum-1x8/
LA;product;https://brazilianlumberlosangeles.com/product/cumaru-platinum-2x10/;https://brazilianlumber.com/product/cumaru-platinum-2x10/
LA;product;https://brazilianlumberlosangeles.com/product/cumaru-platinum-2x12/;https://brazilianlumber.com/product/cumaru-platinum-2x12/
LA;product;https://brazilianlumberlosangeles.com/product/cumaru-platinum-2x2/;https://brazilianlumber.com/product/cumaru-platinum-2x2/
LA;product;https://brazilianlumberlosangeles.com/product/cumaru-platinum-2x8/;https://brazilianlumber.com/product/cumaru-platinum-2x8/
LA;product;https://brazilianlumberlosangeles.com/product/cumaru-platinum-3x4/;https://brazilianlumber.com/product/cumaru-platinum-6x6/
LA;product;https://brazilianlumberlosangeles.com/product/cumaru-platinum-3x6/;https://brazilianlumber.com/product/cumaru-platinum-3x6/
LA;product;https://brazilianlumberlosangeles.com/product/cumaru-platinum-6x6/;https://brazilianlumber.com/product/cumaru-platinum-6x6/
LA;product;https://brazilianlumberlosangeles.com/product/cumaru-tropical-hardwood-1x2/;https://brazilianlumber.com/product/cumaru-tropical-hardwood-1x2/
LA;product;https://brazilianlumberlosangeles.com/product/cumaru-tropical-hardwood-1x3/;https://brazilianlumber.com/product/cumaru-tropical-hardwood-1x3/
LA;product;https://brazilianlumberlosangeles.com/product/cumaru-tropical-hardwood-2x4/;https://brazilianlumber.com/product/cumaru-tropical-hardwood-2x4/
LA;product;https://brazilianlumberlosangeles.com/product/cumaru-tropical-hardwood-2x6/;https://brazilianlumber.com/product/cumaru-tropical-hardwood-2x6/
LA;product;https://brazilianlumberlosangeles.com/product/cumaru-tropical-hardwood-4x12/;https://brazilianlumber.com/product/cumaru-tropical-hardwood-4x12/
LA;product;https://brazilianlumberlosangeles.com/product/cumaru-tropical-hardwood-4x16/;https://brazilianlumber.com/product/cumaru-tropical-hardwood-2x6/
LA;product;https://brazilianlumberlosangeles.com/product/cumaru-tropical-hardwood-4x4/;https://brazilianlumber.com/product/cumaru-tropical-hardwood-4x4/
LA;product;https://brazilianlumberlosangeles.com/product/cumaru-tropical-hardwood-4x6/;https://brazilianlumber.com/product/cumaru-tropical-hardwood-4x6/
LA;product;https://brazilianlumberlosangeles.com/product/cumaru-tropical-hardwood-4x8/;https://brazilianlumber.com/product/cumaru-tropical-hardwood-4x8/
LA;product;https://brazilianlumberlosangeles.com/product/cumaru-tropical-hardwood-6x8/;https://brazilianlumber.com/product/cumaru-tropical-hardwood-2x6/
LA;product;https://brazilianlumberlosangeles.com/product/cumaru-tropical-hardwood-8x12/;https://brazilianlumber.com/product/cumaru-tropical-hardwood-2x6/
LA;product;https://brazilianlumberlosangeles.com/product/cumaru-tropical-hardwood-8x8/;https://brazilianlumber.com/product/cumaru-tropical-hardwood-8x8/
LA;product;https://brazilianlumberlosangeles.com/product/cumaru-wood-wall-panels-5-4x6/;https://brazilianlumber.com/product/cumaru-wood-wall-panels-5-4x6/
LA;product;https://brazilianlumberlosangeles.com/product/easy-coat-water-based-wood-sealer-2/;https://brazilianlumber.com/product/easy-coat-water-based-wood-sealer/
LA;product;https://brazilianlumberlosangeles.com/product/easy-coat-water-based-wood-sealer/;https://brazilianlumber.com/product/easy-coat-water-based-wood-sealer/
LA;product;https://brazilianlumberlosangeles.com/product/garapa-wood-2x12/;https://brazilianlumber.com/product/garapa-wood-2x12/
LA;product;https://brazilianlumberlosangeles.com/product/garapa-wood-2x4/;https://brazilianlumber.com/product/garapa-wood-2x4/
LA;product;https://brazilianlumberlosangeles.com/product/garapa-wood-2x6/;https://brazilianlumber.com/product/garapa-wood-2x6/
LA;product;https://brazilianlumberlosangeles.com/product/garapa-wood-2x8/;https://brazilianlumber.com/product/garapa-wood-2x8/
LA;product;https://brazilianlumberlosangeles.com/product/garapa-wood-wall-panels-5-4x6/;https://brazilianlumber.com/product/garapa-wood-wall-panels-5-4x6/
LA;product;https://brazilianlumberlosangeles.com/product/ipe-1x10/;https://brazilianlumber.com/product/ipe-5-4x6/
LA;product;https://brazilianlumberlosangeles.com/product/ipe-1x6/;https://brazilianlumber.com/product/ipe-1x6/
LA;product;https://brazilianlumberlosangeles.com/product/ipe-1x8/;https://brazilianlumber.com/product/ipe-1x8/
LA;product;https://brazilianlumberlosangeles.com/product/ipe-2x10/;https://brazilianlumber.com/product/ipe-2x10/
LA;product;https://brazilianlumberlosangeles.com/product/ipe-2x12/;https://brazilianlumber.com/product/ipe-2x12/
LA;product;https://brazilianlumberlosangeles.com/product/ipe-2x2/;https://brazilianlumber.com/product/ipe-2x2/
LA;product;https://brazilianlumberlosangeles.com/product/ipe-2x6/;https://brazilianlumber.com/product/ipe-2x6/
LA;product;https://brazilianlumberlosangeles.com/product/ipe-2x8/;https://brazilianlumber.com/product/ipe-2x8/
LA;product;https://brazilianlumberlosangeles.com/product/ipe-4x4/;https://brazilianlumber.com/product/ipe-4x4/
LA;product;https://brazilianlumberlosangeles.com/product/ipe-4x6/;https://brazilianlumber.com/product/ipe-4x6/
LA;product;https://brazilianlumberlosangeles.com/product/ipe-5-4x10/;https://brazilianlumber.com/product/ipe-5-4x6/
LA;product;https://brazilianlumberlosangeles.com/product/ipe-5-4x6/;https://brazilianlumber.com/product/ipe-5-4x6/
LA;product;https://brazilianlumberlosangeles.com/product/ipe-6x6/;https://brazilianlumber.com/product/ipe-6x6/
LA;product;https://brazilianlumberlosangeles.com/product/ipe-8x8/;https://brazilianlumber.com/product/ipe-8x8/
LA;product;https://brazilianlumberlosangeles.com/product/ipe-lumber-1x3/;https://brazilianlumber.com/product/ipe-lumber-1x3/
LA;product;https://brazilianlumberlosangeles.com/product/ipe-lumber-3x10/;https://brazilianlumber.com/product/ipe-lumber-3x10/
LA;product;https://brazilianlumberlosangeles.com/product/ipe-lumber-3x12/;https://brazilianlumber.com/product/ipe-lumber-3x12/
LA;product;https://brazilianlumberlosangeles.com/product/ipe-lumber-3x6/;https://brazilianlumber.com/product/ipe-lumber-3x6/
LA;product;https://brazilianlumberlosangeles.com/product/ipe-lumber-3x8/;https://brazilianlumber.com/product/ipe-lumber-3x8/
LA;product;https://brazilianlumberlosangeles.com/product/ipe-lumber-4x10/;https://brazilianlumber.com/product/ipe-lumber-4x10/
LA;product;https://brazilianlumberlosangeles.com/product/ipe-lumber-4x12/;https://brazilianlumber.com/product/ipe-lumber-4x12/
LA;product;https://brazilianlumberlosangeles.com/product/ipe-lumber-4x8/;https://brazilianlumber.com/product/ipe-lumber-4x8/
LA;product;https://brazilianlumberlosangeles.com/product/ipe-tropical-hardwood-5-4x4-standard/;https://brazilianlumber.com/product/ipe-tropical-hardwood-1x2/
LA;product;https://brazilianlumberlosangeles.com/product/ipe-wood-wall-panels-5-4x6/;https://brazilianlumber.com/product/ipe-wood-wall-panels-5-4x6/
LA;product;https://brazilianlumberlosangeles.com/product/jatoba-wood-wall-panels-5-4x6/;https://brazilianlumber.com/product/jatoba-wood-wall-panels-5-4x6/
LA;product;https://brazilianlumberlosangeles.com/product/poplar-wood-wall-panels-5-4x6/;https://brazilianlumber.com/product/poplar-wood-wall-panels-5-4x6/
LA;product;https://brazilianlumberlosangeles.com/product/prestige-collection-grid-cladding-1x6-by-deckotech/;https://brazilianlumber.com/product/prestige-collection-grid-cladding-1x6-by-deckotech/
LA;product;https://brazilianlumberlosangeles.com/product/prestige-collection-grid-cladding-corner-piece-by-deckotech/;https://brazilianlumber.com/product/prestige-collection-grand-grid-cladding-by-deckotech/
LA;product;https://brazilianlumberlosangeles.com/product/prestige-collection-grid-strong-double-gate-by-deckotech/;https://brazilianlumber.com/product/prestige-collection-grid-strong-double-gate-by-deckotech/
LA;product;https://brazilianlumberlosangeles.com/product/prestige-collection-grooved-two-sides-decking-board-by-deckotech/;https://brazilianlumber.com/product/prestige-collection-grooved-two-sides-decking-board-by-deckotech/
LA;product;https://brazilianlumberlosangeles.com/product/prestige-collection-shiplap-cladding-by-deckotech/;https://brazilianlumber.com/product/prestige-collection-shiplap-cladding-by-deckotech/
LA;product;https://brazilianlumberlosangeles.com/product/prestige-collection-smooth-fence-set-by-deckotech/;https://brazilianlumber.com/product/prestige-collection-strong-fence-set-by-deckotech/
LA;product;https://brazilianlumberlosangeles.com/product/prestige-collection-smooth-shield-double-gate-by-deckotech-6x4/;https://brazilianlumber.com/product/prestige-collection-grid-strong-double-gate-by-deckotech/
LA;product;https://brazilianlumberlosangeles.com/product/prestige-collection-square-decking-board-by-deckotech/;https://brazilianlumber.com/product/prestige-collection-grooved-two-sides-decking-board-by-deckotech/
LA;product;https://brazilianlumberlosangeles.com/product/prestige-collection-stairboard-by-deckotech/;https://brazilianlumber.com/product/prestige-collection-grooved-two-sides-decking-board-by-deckotech/
LA;product;https://brazilianlumberlosangeles.com/product/prestige-collection-strong-fence-set-by-deckotech/;https://brazilianlumber.com/product/prestige-collection-strong-fence-set-by-deckotech/
LA;product;https://brazilianlumberlosangeles.com/product/prestige-smooth-shield-single-gate-by-deckotech/;https://brazilianlumber.com/product/prestige-collection-grid-strong-double-gate-by-deckotech/
LA;product;https://brazilianlumberlosangeles.com/product/red-oak-wood-wall-panels-5-4x6/;https://brazilianlumber.com/product/red-oak-wood-wall-panels-5-4x6/
LA;product;https://brazilianlumberlosangeles.com/product/solara-collection-aluminum-battens-by-deckotech/;https://brazilianlumber.com/product/solara-collection-aluminum-grid-cladding-by-deckotech/
LA;product;https://brazilianlumberlosangeles.com/product/solara-collection-aluminum-grid-cladding-by-deckotech/;https://brazilianlumber.com/product/solara-collection-aluminum-grid-cladding-by-deckotech/
LA;product;https://brazilianlumberlosangeles.com/product/solara-collection-aluminum-louvers-by-deckotech/;https://brazilianlumber.com/product/solara-collection-aluminum-louvers-by-deckotech/
LA;product;https://brazilianlumberlosangeles.com/product/terra-collection-finishing-trim-by-deckotech/;https://brazilianlumber.com/product/terra-collection-grid-cladding-by-deckotech/
LA;product;https://brazilianlumberlosangeles.com/product/terra-collection-grid-cladding-by-deckotech/;https://brazilianlumber.com/product/terra-collection-grid-cladding-by-deckotech/
LA;product;https://brazilianlumberlosangeles.com/product/terra-collection-grooved-two-sides-decking-board-by-deckotech/;https://brazilianlumber.com/product/terra-collection-grid-cladding-by-deckotech/
LA;product;https://brazilianlumberlosangeles.com/product/terra-collection-shiplap-corner-piece-by-deckotech/;https://brazilianlumber.com/product/terra-collection-grid-cladding-by-deckotech/
LA;product;https://brazilianlumberlosangeles.com/product/terra-collection-silent-haven-fence-set-by-deckotech/;https://brazilianlumber.com/product/terra-collection-silent-haven-fence-set-by-deckotech/
LA;product;https://brazilianlumberlosangeles.com/product/terra-collection-square-decking-board-by-deckotech/;https://brazilianlumber.com/product/terra-collection-grid-cladding-by-deckotech/
LA;product;https://brazilianlumberlosangeles.com/product/terra-essence-collection-two-sides-color-decking-board-by-deckotech/;https://brazilianlumber.com/product/terra-collection-grid-cladding-by-deckotech/
LA;product;https://brazilianlumberlosangeles.com/product/walnut-wood-wall-panels-5-4x6/;https://brazilianlumber.com/product/walnut-wood-wall-panels-5-4x6/
LA;product;https://brazilianlumberlosangeles.com/product/white-oak-wood-wall-panels-5-4x6/;https://brazilianlumber.com/product/white-oak-wood-wall-panels-5-4x6/
LA;posts;https://brazilianlumberlosangeles.com/pvc-vs-composite-decking/;https://brazilianlumber.com/guides/pvc-vs-composite-decking/
LA;pages;https://brazilianlumberlosangeles.com/rancho-palos-verdes/;https://brazilianlumber.com/areas-we-serve/
LA;pages;https://brazilianlumberlosangeles.com/redondo-beach/;https://brazilianlumber.com/areas-we-serve/
LA;pages;https://brazilianlumberlosangeles.com/riverside/;https://brazilianlumber.com/locations/riverside/
LA;pages;https://brazilianlumberlosangeles.com/sacramento/;https://brazilianlumber.com/locations/sacramento/
LA;pages;https://brazilianlumberlosangeles.com/san-bernardino/;https://brazilianlumber.com/locations/san-bernardino/
LA;pages;https://brazilianlumberlosangeles.com/san-diego/;https://brazilianlumber.com/locations/san-diego/
LA;pages;https://brazilianlumberlosangeles.com/san-francisco/;https://brazilianlumber.com/locations/san-francisco/
LA;pages;https://brazilianlumberlosangeles.com/san-jose/;https://brazilianlumber.com/locations/san-jose/
LA;pages;https://brazilianlumberlosangeles.com/san-mateo/;https://brazilianlumber.com/locations/san-mateo/
LA;pages;https://brazilianlumberlosangeles.com/san-pedro/;https://brazilianlumber.com/areas-we-serve/
LA;pages;https://brazilianlumberlosangeles.com/santa-ana/;https://brazilianlumber.com/locations/santa-ana/
LA;pages;https://brazilianlumberlosangeles.com/santa-barbara/;https://brazilianlumber.com/locations/santa-barbara/
LA;pages;https://brazilianlumberlosangeles.com/santa-clarita/;https://brazilianlumber.com/locations/santa-clarita/
LA;pages;https://brazilianlumberlosangeles.com/santa-monica/;https://brazilianlumber.com/locations/santa-monica/
LA;pages;https://brazilianlumberlosangeles.com/seal-beach/;https://brazilianlumber.com/areas-we-serve/
LA;pages;https://brazilianlumberlosangeles.com/shop/;https://brazilianlumber.com/shop/
LA;pages;https://brazilianlumberlosangeles.com/sierra-madre/;https://brazilianlumber.com/areas-we-serve/
LA;pages;https://brazilianlumberlosangeles.com/silver-lake/;https://brazilianlumber.com/areas-we-serve/
LA;pages;https://brazilianlumberlosangeles.com/south-pasadena/;https://brazilianlumber.com/areas-we-serve/
LA;pages;https://brazilianlumberlosangeles.com/stockton/;https://brazilianlumber.com/locations/stockton/
LA;pages;https://brazilianlumberlosangeles.com/sunnyvale/;https://brazilianlumber.com/locations/sunnyvale/
LA;pages;https://brazilianlumberlosangeles.com/thank-you/;https://brazilianlumber.com/
LA;pages;https://brazilianlumberlosangeles.com/thermally-modified-wood/;https://brazilianlumber.com/decking/thermally-modified/
LA;posts;https://brazilianlumberlosangeles.com/timbertech-cladding-installation/;https://brazilianlumber.com/guides/timbertech-cladding-installation/
LA;pages;https://brazilianlumberlosangeles.com/tropical-hardwoods/;https://brazilianlumber.com/tropical-hardwoods/
LA;pages;https://brazilianlumberlosangeles.com/tustin/;https://brazilianlumber.com/areas-we-serve/
LA;pages;https://brazilianlumberlosangeles.com/venice/;https://brazilianlumber.com/areas-we-serve/
LA;pages;https://brazilianlumberlosangeles.com/west-hollywood/;https://brazilianlumber.com/areas-we-serve/
LA;pages;https://brazilianlumberlosangeles.com/west-los-angeles/;https://brazilianlumber.com/locations/west-los-angeles/
LA;pages;https://brazilianlumberlosangeles.com/whittier/;https://brazilianlumber.com/areas-we-serve/
LA;pages;https://brazilianlumberlosangeles.com/wood-wall-panels/;https://brazilianlumber.com/cladding-siding/wood-wall-panels/
LA;pages;https://brazilianlumberlosangeles.com/woodland-hills/;https://brazilianlumber.com/areas-we-serve/
MIA;pages;https://brazilianlumber.com/;https://brazilianlumber.com/
MIA;pages;https://brazilianlumber.com/areas-we-serve/california/;https://brazilianlumber.com/locations/california/
MIA;pages;https://brazilianlumber.com/areas-we-serve/california/fresno/;https://brazilianlumber.com/locations/fresno/
MIA;pages;https://brazilianlumber.com/areas-we-serve/california/los-angeles/;https://brazilianlumber.com/locations/los-angeles/
MIA;pages;https://brazilianlumber.com/areas-we-serve/california/san-jose/;https://brazilianlumber.com/locations/san-jose/
MIA;pages;https://brazilianlumber.com/areas-we-serve/california/santa-barbara/;https://brazilianlumber.com/locations/santa-barbara/
MIA;pages;https://brazilianlumber.com/areas-we-serve/florida/;https://brazilianlumber.com/ipe-decking-florida/
MIA;pages;https://brazilianlumber.com/areas-we-serve/florida/coconut-grove/;https://brazilianlumber.com/locations/coconut-grove/
MIA;pages;https://brazilianlumber.com/areas-we-serve/florida/coral-gables/;https://brazilianlumber.com/locations/coral-gables/
MIA;pages;https://brazilianlumber.com/areas-we-serve/florida/fort-myers/;https://brazilianlumber.com/locations/fort-myers/
MIA;pages;https://brazilianlumber.com/areas-we-serve/florida/jacksonville/;https://brazilianlumber.com/locations/jacksonville/
MIA;pages;https://brazilianlumber.com/areas-we-serve/florida/key-west/;https://brazilianlumber.com/locations/key-west/
MIA;pages;https://brazilianlumber.com/areas-we-serve/florida/miami/;https://brazilianlumber.com/locations/miami/
MIA;pages;https://brazilianlumber.com/areas-we-serve/florida/wellington/;https://brazilianlumber.com/locations/wellington/
MIA;pages;https://brazilianlumber.com/areas-we-serve/georgia/;https://brazilianlumber.com/locations/georgia/
MIA;pages;https://brazilianlumber.com/areas-we-serve/georgia/berkeley-lake/;https://brazilianlumber.com/locations/berkeley-lake/
MIA;pages;https://brazilianlumber.com/areas-we-serve/georgia/johns-creek/;https://brazilianlumber.com/locations/johns-creek/
MIA;pages;https://brazilianlumber.com/areas-we-serve/georgia/milton/;https://brazilianlumber.com/locations/milton/
MIA;pages;https://brazilianlumber.com/areas-we-serve/georgia/savannah/;https://brazilianlumber.com/locations/savannah/
MIA;pages;https://brazilianlumber.com/areas-we-serve/islands-of-the-caribbean/;https://brazilianlumber.com/locations/islands-of-the-caribbean/
MIA;pages;https://brazilianlumber.com/areas-we-serve/islands-of-the-caribbean/bahamas/;https://brazilianlumber.com/locations/bahamas/
MIA;pages;https://brazilianlumber.com/areas-we-serve/new-york/;https://brazilianlumber.com/locations/new-york/
MIA;pages;https://brazilianlumber.com/areas-we-serve/new-york/albany/;https://brazilianlumber.com/locations/albany/
MIA;pages;https://brazilianlumber.com/areas-we-serve/new-york/buffalo/;https://brazilianlumber.com/locations/buffalo/
MIA;pages;https://brazilianlumber.com/areas-we-serve/new-york/long-island/;https://brazilianlumber.com/locations/long-island/
MIA;pages;https://brazilianlumber.com/areas-we-serve/new-york/rochester-syracuse/;https://brazilianlumber.com/locations/rochester-syracuse/
MIA;pages;https://brazilianlumber.com/areas-we-serve/south-carolina/;https://brazilianlumber.com/locations/south-carolina/
MIA;pages;https://brazilianlumber.com/areas-we-serve/south-carolina/beaufort/;https://brazilianlumber.com/locations/beaufort/
MIA;pages;https://brazilianlumber.com/areas-we-serve/south-carolina/charleston/;https://brazilianlumber.com/locations/charleston/
MIA;pages;https://brazilianlumber.com/areas-we-serve/south-carolina/columbia/;https://brazilianlumber.com/locations/columbia/
MIA;pages;https://brazilianlumber.com/areas-we-serve/texas/;https://brazilianlumber.com/locations/texas/
MIA;pages;https://brazilianlumber.com/areas-we-serve/texas/austin/;https://brazilianlumber.com/locations/austin/
MIA;pages;https://brazilianlumber.com/areas-we-serve/texas/corpus-christi/;https://brazilianlumber.com/locations/corpus-christi/
MIA;pages;https://brazilianlumber.com/areas-we-serve/texas/dallas-fort-worth/;https://brazilianlumber.com/locations/dallas-fort-worth/
MIA;pages;https://brazilianlumber.com/areas-we-serve/texas/el-paso/;https://brazilianlumber.com/locations/el-paso/
MIA;pages;https://brazilianlumber.com/areas-we-serve/texas/galveston/;https://brazilianlumber.com/locations/galveston/
MIA;pages;https://brazilianlumber.com/areas-we-serve/texas/houston/;https://brazilianlumber.com/locations/houston/
MIA;pages;https://brazilianlumber.com/areas-we-serve/texas/san-antonio/;https://brazilianlumber.com/locations/san-antonio/
MIA;pages;https://brazilianlumber.com/areas-we-serve/texas/san-marcos/;https://brazilianlumber.com/locations/san-marcos/
MIA;pages;https://brazilianlumber.com/blog-example/;https://brazilianlumber.com/
MIA;pages;https://brazilianlumber.com/brazilian-lumber-blogs/;https://brazilianlumber.com/guides/
MIA;pages;https://brazilianlumber.com/carousel-home/;https://brazilianlumber.com/
MIA;categories;https://brazilianlumber.com/category/artificial-ivy/;https://brazilianlumber.com/guides/ideas-artificial-ivy/
MIA;categories;https://brazilianlumber.com/category/backyard-redesign/;https://brazilianlumber.com/guides/outdoor-backyard-the-6-most-important-steps/
MIA;categories;https://brazilianlumber.com/category/brazilian-chestnut/;https://brazilianlumber.com/guides/features-of-brazilian-chestnut/
MIA;categories;https://brazilianlumber.com/category/cedar-wood/;https://brazilianlumber.com/guides/comparing-cypress-vs-cedar/
MIA;categories;https://brazilianlumber.com/category/composite-decking/;https://brazilianlumber.com/guides/composite-decking/
MIA;categories;https://brazilianlumber.com/category/cumaru-lumber/;https://brazilianlumber.com/guides/5-features-of-cumaru-lumber/
MIA;categories;https://brazilianlumber.com/category/cumaru-wood/;https://brazilianlumber.com/guides/cumaru-wood-in-jamaica/
MIA;categories;https://brazilianlumber.com/category/customized-milling/;https://brazilianlumber.com/guides/5-benefits-customized-milling-service/
MIA;categories;https://brazilianlumber.com/category/deck-railing/;https://brazilianlumber.com/guides/deck-railing/
MIA;categories;https://brazilianlumber.com/category/decking-fasteners/;https://brazilianlumber.com/guides/the-best-decking-fasteners-and-their-use/
MIA;categories;https://brazilianlumber.com/category/decking-tools/;https://brazilianlumber.com/guides/7-top-decking-tools/
MIA;categories;https://brazilianlumber.com/category/decorating-ideas/;https://brazilianlumber.com/guides/10-christmas-tree-decorating-ideas/
MIA;categories;https://brazilianlumber.com/category/drill/;https://brazilianlumber.com/guides/top-8-of-the-drills-and-how-to-use/
MIA;categories;https://brazilianlumber.com/category/earth/;https://brazilianlumber.com/guides/brazilian-lumber-protecting-the-earth/
MIA;categories;https://brazilianlumber.com/category/fire-pits/;https://brazilianlumber.com/guides/4-types-of-fire-pits/
MIA;categories;https://brazilianlumber.com/category/fire-resistant-woods/;https://brazilianlumber.com/guides/understanding-flame-spread-rating/
MIA;categories;https://brazilianlumber.com/category/forest-management/;https://brazilianlumber.com/guides/california-forest-management/
MIA;categories;https://brazilianlumber.com/category/gap-spacing/;https://brazilianlumber.com/guides/gap-spacing-installing-a-composite-deck/
MIA;categories;https://brazilianlumber.com/category/garapa-lumber/;https://brazilianlumber.com/guides/garapa-lumber-best-features/
MIA;categories;https://brazilianlumber.com/category/hardware/;https://brazilianlumber.com/guides/
MIA;categories;https://brazilianlumber.com/category/hidden-fasteners/;https://brazilianlumber.com/guides/hidden-fasteners/
MIA;categories;https://brazilianlumber.com/category/how-to/;https://brazilianlumber.com/guides/how-to-build-a-deck-over-concrete/
MIA;categories;https://brazilianlumber.com/category/indoor-flooring/;https://brazilianlumber.com/guides/indoor-flooring/
MIA;categories;https://brazilianlumber.com/category/ipe-shorts/;https://brazilianlumber.com/guides/ipe-shorts-and-the-5-facts/
MIA;categories;https://brazilianlumber.com/category/jatoba/;https://brazilianlumber.com/guides/features-of-jatoba/
MIA;categories;https://brazilianlumber.com/category/live-edge-slab/;https://brazilianlumber.com/guides/live-edge-furniture/
MIA;categories;https://brazilianlumber.com/category/live-edge-slabs/;https://brazilianlumber.com/guides/reasons-to-prefer-live-edge-slabs/
MIA;categories;https://brazilianlumber.com/category/massaranduba-wood/;https://brazilianlumber.com/guides/massaranduba-wood-ideal-for-outdoors/
MIA;categories;https://brazilianlumber.com/category/outdoor-furniture-maintenance/;https://brazilianlumber.com/guides/outdoor-furniture-maintenance/
MIA;categories;https://brazilianlumber.com/category/outdoor-spot/;https://brazilianlumber.com/guides/5-advantages-of-having-an-outdoor-spot/
MIA;categories;https://brazilianlumber.com/category/pergola/;https://brazilianlumber.com/guides/outdoor-living-pergola-with-deckotech-prestige/
MIA;categories;https://brazilianlumber.com/category/platinum-garapa/;https://brazilianlumber.com/guides/platinum-garapa/
MIA;categories;https://brazilianlumber.com/category/railing/;https://brazilianlumber.com/guides/top-7-reasons-to-add-a-railing/
MIA;categories;https://brazilianlumber.com/category/sapele-wood/;https://brazilianlumber.com/guides/tropical-sapele-wood-in-st-lucia/
MIA;categories;https://brazilianlumber.com/category/slabs/;https://brazilianlumber.com/guides/slabs-live-edge/
MIA;categories;https://brazilianlumber.com/category/softwoods/;https://brazilianlumber.com/guides/what-is-softwood/
MIA;categories;https://brazilianlumber.com/category/teak/;https://brazilianlumber.com/guides/5-reasons-why-teak-is-water-resistant/
MIA;categories;https://brazilianlumber.com/category/tiger-wood/;https://brazilianlumber.com/guides/facts-that-make-tigerwood-stand-out/
MIA;categories;https://brazilianlumber.com/category/trees/;https://brazilianlumber.com/guides/older-trees-are-the-best-ones-to-remove/
MIA;categories;https://brazilianlumber.com/category/uncategorized/;https://brazilianlumber.com/guides/best-woodworking-materials/
MIA;categories;https://brazilianlumber.com/category/vertical-gardens/;https://brazilianlumber.com/guides/the-right-lumber-for-your-vertical-garden/
MIA;pages;https://brazilianlumber.com/cont-form-example/;https://brazilianlumber.com/
MIA;pages;https://brazilianlumber.com/decking-accessories/;https://brazilianlumber.com/accessories/
MIA;pages;https://brazilianlumber.com/deckotech-2/;https://brazilianlumber.com/decking/composite/deckotech/
MIA;pages;https://brazilianlumber.com/deckotech/;https://brazilianlumber.com/decking/composite/deckotech/
MIA;pages;https://brazilianlumber.com/decktiles/;https://brazilianlumber.com/decking/deck-tiles/
MIA;pages;https://brazilianlumber.com/download-or-digital-brochure/;https://brazilianlumber.com/
MIA;pages;https://brazilianlumber.com/download-our-deck-preparation-checklist/;https://brazilianlumber.com/
MIA;pages;https://brazilianlumber.com/fences-docks/;https://brazilianlumber.com/fencing-gates/
MIA;pages;https://brazilianlumber.com/garapa-landing-2/;https://brazilianlumber.com/garapa-landing/
MIA;pages;https://brazilianlumber.com/garapa-san-diego/;https://brazilianlumber.com/garapa-landing/
MIA;pages;https://brazilianlumber.com/garapa-san-francisco/;https://brazilianlumber.com/garapa-landing/
MIA;pages;https://brazilianlumber.com/hometest/;https://brazilianlumber.com/
MIA;pages;https://brazilianlumber.com/hot-deals/cumaru/;https://brazilianlumber.com/decking/tropical-hardwood/cumaru/
MIA;pages;https://brazilianlumber.com/hot-deals/garapa/;https://brazilianlumber.com/decking/tropical-hardwood/garapa/
MIA;pages;https://brazilianlumber.com/hot-deals/tigerwood/;https://brazilianlumber.com/decking/tropical-hardwood/tigerwood/
MIA;pages;https://brazilianlumber.com/ipe-decking-texas/;https://brazilianlumber.com/locations/texas/
MIA;pages;https://brazilianlumber.com/lunawood/;https://brazilianlumber.com/decking/thermally-modified/
MIA;pages;https://brazilianlumber.com/menu-shop/;https://brazilianlumber.com/shop/
MIA;pages;https://brazilianlumber.com/my-cart/;https://brazilianlumber.com/
MIA;product_cat;https://brazilianlumber.com/product-category/aluminum-battens/;https://brazilianlumber.com/cladding-siding/battens-louvers/
MIA;product_cat;https://brazilianlumber.com/product-category/battens-and-louvers/;https://brazilianlumber.com/cladding-siding/battens-louvers/
MIA;product_cat;https://brazilianlumber.com/product-category/california-redwood/;https://brazilianlumber.com/lumber/softwood/
MIA;product_cat;https://brazilianlumber.com/product-category/cedar/;https://brazilianlumber.com/lumber/softwood/
MIA;product_cat;https://brazilianlumber.com/product-category/composite-cladding/;https://brazilianlumber.com/cladding-siding/composite/
MIA;product_cat;https://brazilianlumber.com/product-category/corner-grid-cladding/;https://brazilianlumber.com/cladding-siding/composite/
MIA;product_cat;https://brazilianlumber.com/product-category/decking/;https://brazilianlumber.com/decking/
MIA;product_cat;https://brazilianlumber.com/product-category/deckotech-cladding/;https://brazilianlumber.com/cladding-siding/composite/
MIA;product_cat;https://brazilianlumber.com/product-category/deckotech-decking/;https://brazilianlumber.com/decking/composite/deckotech/
MIA;product_cat;https://brazilianlumber.com/product-category/deckotech/prestige/;https://brazilianlumber.com/decking/composite/deckotech/
MIA;product_cat;https://brazilianlumber.com/product-category/deckotech/solara/;https://brazilianlumber.com/decking/composite/deckotech/
MIA;product_cat;https://brazilianlumber.com/product-category/deckotech/terra-essence/;https://brazilianlumber.com/decking/composite/deckotech/
MIA;product_cat;https://brazilianlumber.com/product-category/deckotech/terra/;https://brazilianlumber.com/decking/composite/deckotech/
MIA;product_cat;https://brazilianlumber.com/product-category/domestic-hardwood/;https://brazilianlumber.com/lumber/domestic-hardwood/
MIA;product_cat;https://brazilianlumber.com/product-category/douglas-fir/;https://brazilianlumber.com/lumber/softwood/
MIA;product_cat;https://brazilianlumber.com/product-category/enduring/;https://brazilianlumber.com/decking/composite/deckotech/
MIA;product_cat;https://brazilianlumber.com/product-category/essence-decking-collection/;https://brazilianlumber.com/decking/composite/deckotech/
MIA;product_cat;https://brazilianlumber.com/product-category/finishing-trim/;https://brazilianlumber.com/cladding-siding/composite/
MIA;product_cat;https://brazilianlumber.com/product-category/grad-concept-y-clip-on-system/;https://brazilianlumber.com/accessories/substructure/
MIA;product_cat;https://brazilianlumber.com/product-category/grad-concept/;https://brazilianlumber.com/accessories/substructure/
MIA;product_cat;https://brazilianlumber.com/product-category/grand-grid-cladding/;https://brazilianlumber.com/cladding-siding/composite/
MIA;product_cat;https://brazilianlumber.com/product-category/grid-cladding/;https://brazilianlumber.com/cladding-siding/composite/
MIA;product_cat;https://brazilianlumber.com/product-category/grid-strong-double-gate/;https://brazilianlumber.com/fencing-gates/gates/
MIA;product_cat;https://brazilianlumber.com/product-category/grid-strong-fence-set/;https://brazilianlumber.com/fencing-gates/composite/
MIA;product_cat;https://brazilianlumber.com/product-category/grooved-two-sides/;https://brazilianlumber.com/decking/composite/deckotech/
MIA;product_cat;https://brazilianlumber.com/product-category/hot-deals/;https://brazilianlumber.com/shop/
MIA;product_cat;https://brazilianlumber.com/product-category/hots-deals-page/;https://brazilianlumber.com/shop/
MIA;product_cat;https://brazilianlumber.com/product-category/luna-wood/;https://brazilianlumber.com/decking/thermally-modified/
MIA;product_cat;https://brazilianlumber.com/product-category/mahogany/;https://brazilianlumber.com/lumber/domestic-hardwood/
MIA;product_cat;https://brazilianlumber.com/product-category/maple/;https://brazilianlumber.com/lumber/domestic-hardwood/
MIA;product_cat;https://brazilianlumber.com/product-category/modern/;https://brazilianlumber.com/decking/composite/deckotech/
MIA;product_cat;https://brazilianlumber.com/product-category/oak/;https://brazilianlumber.com/lumber/domestic-hardwood/
MIA;product_cat;https://brazilianlumber.com/product-category/refined/;https://brazilianlumber.com/decking/composite/deckotech/
MIA;product_cat;https://brazilianlumber.com/product-category/santos-mahogany/;https://brazilianlumber.com/lumber/domestic-hardwood/
MIA;product_cat;https://brazilianlumber.com/product-category/sapele/;https://brazilianlumber.com/lumber/domestic-hardwood/
MIA;product_cat;https://brazilianlumber.com/product-category/sealer/;https://brazilianlumber.com/accessories/finishes-sealers/
MIA;product_cat;https://brazilianlumber.com/product-category/shiplap-cladding/;https://brazilianlumber.com/cladding-siding/composite/
MIA;product_cat;https://brazilianlumber.com/product-category/shiplap-corner-piece/;https://brazilianlumber.com/cladding-siding/composite/
MIA;product_cat;https://brazilianlumber.com/product-category/silent-haven-fencing/;https://brazilianlumber.com/fencing-gates/composite/
MIA;product_cat;https://brazilianlumber.com/product-category/spruce/;https://brazilianlumber.com/lumber/softwood/
MIA;product_cat;https://brazilianlumber.com/product-category/square-decking/;https://brazilianlumber.com/decking/composite/deckotech/
MIA;product_cat;https://brazilianlumber.com/product-category/stairboard/;https://brazilianlumber.com/decking/composite/deckotech/
MIA;product_cat;https://brazilianlumber.com/product-category/terra-best-priced-composite/;https://brazilianlumber.com/decking/composite/deckotech/
MIA;product_cat;https://brazilianlumber.com/product-category/trex-decking/enhance-basics/;https://brazilianlumber.com/decking/composite/trex/
MIA;product_cat;https://brazilianlumber.com/product-category/trex-decking/enhance-naturals/;https://brazilianlumber.com/decking/composite/trex/
MIA;product_cat;https://brazilianlumber.com/product-category/trex-decking/select/;https://brazilianlumber.com/decking/composite/trex/
MIA;product_cat;https://brazilianlumber.com/product-category/trex-decking/transcend/;https://brazilianlumber.com/decking/composite/trex/
MIA;product_cat;https://brazilianlumber.com/product-category/two-sides-decking/;https://brazilianlumber.com/decking/composite/deckotech/
MIA;product_cat;https://brazilianlumber.com/product-category/walnut/;https://brazilianlumber.com/lumber/domestic-hardwood/
MIA;product_cat;https://brazilianlumber.com/product-category/water-wood-sealer/;https://brazilianlumber.com/accessories/finishes-sealers/
MIA;product_cat;https://brazilianlumber.com/product-category/wood-sealer/;https://brazilianlumber.com/accessories/finishes-sealers/
MIA;product_cat;https://brazilianlumber.com/product-category/yellow-pine/;https://brazilianlumber.com/lumber/softwood/
MIA;product_tag;https://brazilianlumber.com/product-tag/1x10/;https://brazilianlumber.com/decking/tropical-hardwood/ipe/
MIA;product_tag;https://brazilianlumber.com/product-tag/1x12/;https://brazilianlumber.com/decking/tropical-hardwood/ipe/
MIA;product_tag;https://brazilianlumber.com/product-tag/1x3/;https://brazilianlumber.com/shop/
MIA;product_tag;https://brazilianlumber.com/product-tag/1x8/;https://brazilianlumber.com/decking/tropical-hardwood/ipe/
MIA;product_tag;https://brazilianlumber.com/product-tag/2x12/;https://brazilianlumber.com/lumber/tropical-hardwood/
MIA;product_tag;https://brazilianlumber.com/product-tag/2x4/;https://brazilianlumber.com/lumber/tropical-hardwood/
MIA;product_tag;https://brazilianlumber.com/product-tag/2x8/;https://brazilianlumber.com/lumber/tropical-hardwood/
MIA;product_tag;https://brazilianlumber.com/product-tag/3-8-plugs/;https://brazilianlumber.com/accessories/fasteners/
MIA;product_tag;https://brazilianlumber.com/product-tag/3x10/;https://brazilianlumber.com/decking/tropical-hardwood/ipe/
MIA;product_tag;https://brazilianlumber.com/product-tag/3x12/;https://brazilianlumber.com/decking/tropical-hardwood/ipe/
MIA;product_tag;https://brazilianlumber.com/product-tag/3x8/;https://brazilianlumber.com/decking/tropical-hardwood/ipe/
MIA;product_tag;https://brazilianlumber.com/product-tag/4x10/;https://brazilianlumber.com/lumber/tropical-hardwood/
MIA;product_tag;https://brazilianlumber.com/product-tag/4x12/;https://brazilianlumber.com/lumber/tropical-hardwood/
MIA;product_tag;https://brazilianlumber.com/product-tag/4x4/;https://brazilianlumber.com/lumber/tropical-hardwood/
MIA;product_tag;https://brazilianlumber.com/product-tag/4x6/;https://brazilianlumber.com/lumber/tropical-hardwood/
MIA;product_tag;https://brazilianlumber.com/product-tag/4x8/;https://brazilianlumber.com/lumber/tropical-hardwood/
MIA;product_tag;https://brazilianlumber.com/product-tag/5-4x10/;https://brazilianlumber.com/decking/tropical-hardwood/cumaru/
MIA;product_tag;https://brazilianlumber.com/product-tag/5-4x12-hardwood/;https://brazilianlumber.com/decking/tropical-hardwood/ipe/
MIA;product_tag;https://brazilianlumber.com/product-tag/5-4x8-hardwood/;https://brazilianlumber.com/decking/tropical-hardwood/ipe/
MIA;product_tag;https://brazilianlumber.com/product-tag/6x6-hardwood/;https://brazilianlumber.com/lumber/tropical-hardwood/
MIA;product_tag;https://brazilianlumber.com/product-tag/alternative-to-california-redwood/;https://brazilianlumber.com/shop/
MIA;product_tag;https://brazilianlumber.com/product-tag/alternative-to-california-redwood/;https://brazilianlumber.com/shop/
MIA;product_tag;https://brazilianlumber.com/product-tag/alternative-to-ipe/;https://brazilianlumber.com/lumber/tropical-hardwood/
MIA;product_tag;https://brazilianlumber.com/product-tag/alternative-to-ipe/;https://brazilianlumber.com/lumber/tropical-hardwood/
MIA;product_tag;https://brazilianlumber.com/product-tag/aluminum-battens/;https://brazilianlumber.com/cladding-siding/battens-louvers/
MIA;product_tag;https://brazilianlumber.com/product-tag/amazon-wood/;https://brazilianlumber.com/lumber/tropical-hardwood/
MIA;product_tag;https://brazilianlumber.com/product-tag/amazon-wood/;https://brazilianlumber.com/lumber/tropical-hardwood/
MIA;product_tag;https://brazilianlumber.com/product-tag/and-anti-rot/;https://brazilianlumber.com/lumber/tropical-hardwood/
MIA;product_tag;https://brazilianlumber.com/product-tag/and-anti-rot/;https://brazilianlumber.com/lumber/tropical-hardwood/
MIA;product_tag;https://brazilianlumber.com/product-tag/anti-fungal-decay/;https://brazilianlumber.com/lumber/tropical-hardwood/
MIA;product_tag;https://brazilianlumber.com/product-tag/anti-termites/;https://brazilianlumber.com/lumber/tropical-hardwood/
MIA;product_tag;https://brazilianlumber.com/product-tag/beam/;https://brazilianlumber.com/shop/
MIA;product_tag;https://brazilianlumber.com/product-tag/beams/;https://brazilianlumber.com/shop/
MIA;product_tag;https://brazilianlumber.com/product-tag/best-prices/;https://brazilianlumber.com/shop/
MIA;product_tag;https://brazilianlumber.com/product-tag/best-prices/;https://brazilianlumber.com/shop/
MIA;product_tag;https://brazilianlumber.com/product-tag/best/;https://brazilianlumber.com/decking/
MIA;product_tag;https://brazilianlumber.com/product-tag/brazilian-wood/;https://brazilianlumber.com/lumber/tropical-hardwood/
MIA;product_tag;https://brazilianlumber.com/product-tag/brazilian-wood/;https://brazilianlumber.com/lumber/tropical-hardwood/
MIA;product_tag;https://brazilianlumber.com/product-tag/brigdes/;https://brazilianlumber.com/lumber/tropical-hardwood/
MIA;product_tag;https://brazilianlumber.com/product-tag/brigdes/;https://brazilianlumber.com/lumber/tropical-hardwood/
MIA;product_tag;https://brazilianlumber.com/product-tag/buffalo/;https://brazilianlumber.com/shop/
MIA;product_tag;https://brazilianlumber.com/product-tag/building/;https://brazilianlumber.com/shop/
MIA;product_tag;https://brazilianlumber.com/product-tag/building/;https://brazilianlumber.com/shop/
MIA;product_tag;https://brazilianlumber.com/product-tag/calibamboo/;https://brazilianlumber.com/decking/bamboo/
MIA;product_tag;https://brazilianlumber.com/product-tag/carpentry-2/;https://brazilianlumber.com/shop/
MIA;product_tag;https://brazilianlumber.com/product-tag/carpentry/;https://brazilianlumber.com/shop/
MIA;product_tag;https://brazilianlumber.com/product-tag/cheapest-material/;https://brazilianlumber.com/shop/
MIA;product_tag;https://brazilianlumber.com/product-tag/cheapest-material/;https://brazilianlumber.com/shop/
MIA;product_tag;https://brazilianlumber.com/product-tag/cladding/;https://brazilianlumber.com/shop/
MIA;product_tag;https://brazilianlumber.com/product-tag/combo-maintenance/;https://brazilianlumber.com/accessories/maintenance/
MIA;product_tag;https://brazilianlumber.com/product-tag/commercial-project/;https://brazilianlumber.com/decking/tropical-hardwood/cumaru/
MIA;product_tag;https://brazilianlumber.com/product-tag/composite-decking/;https://brazilianlumber.com/decking/bamboo/
MIA;product_tag;https://brazilianlumber.com/product-tag/composite-wood-decking/;https://brazilianlumber.com/decking/bamboo/
MIA;product_tag;https://brazilianlumber.com/product-tag/contractor-bucket/;https://brazilianlumber.com/accessories/fasteners/
MIA;product_tag;https://brazilianlumber.com/product-tag/contractor-buckets/;https://brazilianlumber.com/accessories/fasteners/
MIA;product_tag;https://brazilianlumber.com/product-tag/cool-diamond/;https://brazilianlumber.com/shop/
MIA;product_tag;https://brazilianlumber.com/product-tag/cool-surface/;https://brazilianlumber.com/shop/
MIA;product_tag;https://brazilianlumber.com/product-tag/cool-surface/;https://brazilianlumber.com/shop/
MIA;product_tag;https://brazilianlumber.com/product-tag/corner-grid-cladding/;https://brazilianlumber.com/cladding-siding/composite/
MIA;product_tag;https://brazilianlumber.com/product-tag/cumaru-2/;https://brazilianlumber.com/shop/
MIA;product_tag;https://brazilianlumber.com/product-tag/cumaru-beams-and-pergola/;https://brazilianlumber.com/shop/
MIA;product_tag;https://brazilianlumber.com/product-tag/deck-and-wood-brightener-part-2/;https://brazilianlumber.com/accessories/
MIA;product_tag;https://brazilianlumber.com/product-tag/deck-and-wood-cleaner-part-1/;https://brazilianlumber.com/accessories/maintenance/
MIA;product_tag;https://brazilianlumber.com/product-tag/deck-decking-deckwise/;https://brazilianlumber.com/accessories/fasteners/
MIA;product_tag;https://brazilianlumber.com/product-tag/deck-flashing/;https://brazilianlumber.com/accessories/substructure/
MIA;product_tag;https://brazilianlumber.com/product-tag/deck-hardware/;https://brazilianlumber.com/accessories/finishes-sealers/
MIA;product_tag;https://brazilianlumber.com/product-tag/deck-joist-tape/;https://brazilianlumber.com/accessories/substructure/
MIA;product_tag;https://brazilianlumber.com/product-tag/deck-joists/;https://brazilianlumber.com/accessories/substructure/
MIA;product_tag;https://brazilianlumber.com/product-tag/deck-maintenance-2/;https://brazilianlumber.com/shop/
MIA;product_tag;https://brazilianlumber.com/product-tag/deck-maintenance-kit/;https://brazilianlumber.com/shop/
MIA;product_tag;https://brazilianlumber.com/product-tag/deck-maintenance/;https://brazilianlumber.com/accessories/
MIA;product_tag;https://brazilianlumber.com/product-tag/deck-posts/;https://brazilianlumber.com/accessories/substructure/
MIA;product_tag;https://brazilianlumber.com/product-tag/deck-wise/;https://brazilianlumber.com/accessories/
MIA;product_tag;https://brazilianlumber.com/product-tag/deck/;https://brazilianlumber.com/shop/
MIA;product_tag;https://brazilianlumber.com/product-tag/deck/;https://brazilianlumber.com/shop/
MIA;product_tag;https://brazilianlumber.com/product-tag/decking-collection/;https://brazilianlumber.com/decking/composite/deckotech/
MIA;product_tag;https://brazilianlumber.com/product-tag/decking-materials/;https://brazilianlumber.com/shop/
MIA;product_tag;https://brazilianlumber.com/product-tag/decking-materials/;https://brazilianlumber.com/shop/
MIA;product_tag;https://brazilianlumber.com/product-tag/decking/;https://brazilianlumber.com/shop/
MIA;product_tag;https://brazilianlumber.com/product-tag/deckotech/;https://brazilianlumber.com/shop/
MIA;product_tag;https://brazilianlumber.com/product-tag/decks/;https://brazilianlumber.com/lumber/tropical-hardwood/
MIA;product_tag;https://brazilianlumber.com/product-tag/deckwise/;https://brazilianlumber.com/accessories/
MIA;product_tag;https://brazilianlumber.com/product-tag/deckwiseaa/;https://brazilianlumber.com/accessories/maintenance/
MIA;product_tag;https://brazilianlumber.com/product-tag/dock/;https://brazilianlumber.com/shop/
MIA;product_tag;https://brazilianlumber.com/product-tag/dock/;https://brazilianlumber.com/shop/
MIA;product_tag;https://brazilianlumber.com/product-tag/drill-and-drive-kit/;https://brazilianlumber.com/accessories/fasteners/
MIA;product_tag;https://brazilianlumber.com/product-tag/durable-in-ground-contact/;https://brazilianlumber.com/lumber/tropical-hardwood/
MIA;product_tag;https://brazilianlumber.com/product-tag/durable-in-ground-contact/;https://brazilianlumber.com/lumber/tropical-hardwood/
MIA;product_tag;https://brazilianlumber.com/product-tag/eco-friendly-decking/;https://brazilianlumber.com/decking/bamboo/
MIA;product_tag;https://brazilianlumber.com/product-tag/emerald-putt/;https://brazilianlumber.com/shop/
MIA;product_tag;https://brazilianlumber.com/product-tag/exotic-hardwood/;https://brazilianlumber.com/shop/
MIA;product_tag;https://brazilianlumber.com/product-tag/exterior-construction/;https://brazilianlumber.com/lumber/tropical-hardwood/
MIA;product_tag;https://brazilianlumber.com/product-tag/exterior-construction/;https://brazilianlumber.com/lumber/tropical-hardwood/
MIA;product_tag;https://brazilianlumber.com/product-tag/exterior/;https://brazilianlumber.com/shop/
MIA;product_tag;https://brazilianlumber.com/product-tag/exterior/;https://brazilianlumber.com/shop/
MIA;product_tag;https://brazilianlumber.com/product-tag/fake-wood/;https://brazilianlumber.com/decking/bamboo/
MIA;product_tag;https://brazilianlumber.com/product-tag/fascia-boards-in-ipe-1x12/;https://brazilianlumber.com/decking/tropical-hardwood/ipe/
MIA;product_tag;https://brazilianlumber.com/product-tag/fascia-boards-in-ipe-1x8/;https://brazilianlumber.com/decking/tropical-hardwood/ipe/
MIA;product_tag;https://brazilianlumber.com/product-tag/fasteners/;https://brazilianlumber.com/accessories/fasteners/
MIA;product_tag;https://brazilianlumber.com/product-tag/fence/;https://brazilianlumber.com/shop/
MIA;product_tag;https://brazilianlumber.com/product-tag/fence/;https://brazilianlumber.com/shop/
MIA;product_tag;https://brazilianlumber.com/product-tag/fences-and-gates/;https://brazilianlumber.com/shop/
MIA;product_tag;https://brazilianlumber.com/product-tag/finishing-trim/;https://brazilianlumber.com/decking/composite/deckotech/
MIA;product_tag;https://brazilianlumber.com/product-tag/for-us/;https://brazilianlumber.com/shop/
MIA;product_tag;https://brazilianlumber.com/product-tag/forest-stewardsip-council-certified/;https://brazilianlumber.com/shop/
MIA;product_tag;https://brazilianlumber.com/product-tag/forest-stewardsip-council-certified/;https://brazilianlumber.com/shop/
MIA;product_tag;https://brazilianlumber.com/product-tag/garapa/;https://brazilianlumber.com/shop/
MIA;product_tag;https://brazilianlumber.com/product-tag/gorilla-glue/;https://brazilianlumber.com/accessories/fasteners/
MIA;product_tag;https://brazilianlumber.com/product-tag/grand-grid-cladding/;https://brazilianlumber.com/cladding-siding/composite/
MIA;product_tag;https://brazilianlumber.com/product-tag/green-heaven/;https://brazilianlumber.com/shop/
MIA;product_tag;https://brazilianlumber.com/product-tag/green-options/;https://brazilianlumber.com/shop/
MIA;product_tag;https://brazilianlumber.com/product-tag/green-options/;https://brazilianlumber.com/shop/
MIA;product_tag;https://brazilianlumber.com/product-tag/grid-cladding/;https://brazilianlumber.com/cladding-siding/composite/
MIA;product_tag;https://brazilianlumber.com/product-tag/grid-strong-double-gate/;https://brazilianlumber.com/fencing-gates/gates/
MIA;product_tag;https://brazilianlumber.com/product-tag/grid-strong-fence-set/;https://brazilianlumber.com/fencing-gates/composite/
MIA;product_tag;https://brazilianlumber.com/product-tag/grooved-two-sides/;https://brazilianlumber.com/decking/composite/deckotech/
MIA;product_tag;https://brazilianlumber.com/product-tag/hardwood-deck/;https://brazilianlumber.com/accessories/finishes-sealers/
MIA;product_tag;https://brazilianlumber.com/product-tag/hardwood-end-grain-sealer/;https://brazilianlumber.com/accessories/finishes-sealers/
MIA;product_tag;https://brazilianlumber.com/product-tag/hardwood/;https://brazilianlumber.com/shop/
MIA;product_tag;https://brazilianlumber.com/product-tag/hidden-deck-fasteners/;https://brazilianlumber.com/accessories/fasteners/
MIA;product_tag;https://brazilianlumber.com/product-tag/hidden-siding-fasteners/;https://brazilianlumber.com/accessories/fasteners/
MIA;product_tag;https://brazilianlumber.com/product-tag/high-bending-strength/;https://brazilianlumber.com/shop/
MIA;product_tag;https://brazilianlumber.com/product-tag/high-bending-strength/;https://brazilianlumber.com/shop/
MIA;product_tag;https://brazilianlumber.com/product-tag/home-project/;https://brazilianlumber.com/decking/tropical-hardwood/cumaru/
MIA;product_tag;https://brazilianlumber.com/product-tag/hot-deals/;https://brazilianlumber.com/shop/
MIA;product_tag;https://brazilianlumber.com/product-tag/hots-deals-page/;https://brazilianlumber.com/shop/
MIA;product_tag;https://brazilianlumber.com/product-tag/interior-design/;https://brazilianlumber.com/shop/
MIA;product_tag;https://brazilianlumber.com/product-tag/interlocked-grain/;https://brazilianlumber.com/lumber/tropical-hardwood/
MIA;product_tag;https://brazilianlumber.com/product-tag/interlocked-grain/;https://brazilianlumber.com/lumber/tropical-hardwood/
MIA;product_tag;https://brazilianlumber.com/product-tag/ipe-5-4x10/;https://brazilianlumber.com/decking/tropical-hardwood/ipe/
MIA;product_tag;https://brazilianlumber.com/product-tag/ipe-beams-and-pergola/;https://brazilianlumber.com/lumber/tropical-hardwood/
MIA;product_tag;https://brazilianlumber.com/product-tag/ipe-clip/;https://brazilianlumber.com/accessories/fasteners/
MIA;product_tag;https://brazilianlumber.com/product-tag/ipe-clips/;https://brazilianlumber.com/accessories/fasteners/
MIA;product_tag;https://brazilianlumber.com/product-tag/ipe-deck-installation/;https://brazilianlumber.com/accessories/fasteners/
MIA;product_tag;https://brazilianlumber.com/product-tag/ipe-lumber/;https://brazilianlumber.com/cladding-siding/wood-wall-panels/
MIA;product_tag;https://brazilianlumber.com/product-tag/ipe-oil/;https://brazilianlumber.com/accessories/finishes-sealers/
MIA;product_tag;https://brazilianlumber.com/product-tag/ipe-plugs/;https://brazilianlumber.com/accessories/fasteners/
MIA;product_tag;https://brazilianlumber.com/product-tag/ipe-seal/;https://brazilianlumber.com/accessories/finishes-sealers/
MIA;product_tag;https://brazilianlumber.com/product-tag/ipe-wood-plugs/;https://brazilianlumber.com/accessories/fasteners/
MIA;product_tag;https://brazilianlumber.com/product-tag/ivy/;https://brazilianlumber.com/landscaping/artificial-ivy/
MIA;product_tag;https://brazilianlumber.com/product-tag/jetties/;https://brazilianlumber.com/lumber/tropical-hardwood/
MIA;product_tag;https://brazilianlumber.com/product-tag/jetties/;https://brazilianlumber.com/lumber/tropical-hardwood/
MIA;product_tag;https://brazilianlumber.com/product-tag/joist-tape/;https://brazilianlumber.com/accessories/substructure/
MIA;product_tag;https://brazilianlumber.com/product-tag/k9-lush/;https://brazilianlumber.com/shop/
MIA;product_tag;https://brazilianlumber.com/product-tag/landscaping/;https://brazilianlumber.com/lumber/tropical-hardwood/
MIA;product_tag;https://brazilianlumber.com/product-tag/ledger-boards/;https://brazilianlumber.com/accessories/substructure/
MIA;product_tag;https://brazilianlumber.com/product-tag/ledger-tape/;https://brazilianlumber.com/accessories/substructure/
MIA;product_tag;https://brazilianlumber.com/product-tag/legally-harvested-wood/;https://brazilianlumber.com/shop/
MIA;product_tag;https://brazilianlumber.com/product-tag/legally-harvested-wood/;https://brazilianlumber.com/shop/
MIA;product_tag;https://brazilianlumber.com/product-tag/low-maintenance-materials/;https://brazilianlumber.com/shop/
MIA;product_tag;https://brazilianlumber.com/product-tag/low-maintenance-materials/;https://brazilianlumber.com/shop/
MIA;product_tag;https://brazilianlumber.com/product-tag/lumber/;https://brazilianlumber.com/shop/
MIA;product_tag;https://brazilianlumber.com/product-tag/massaranduba-2/;https://brazilianlumber.com/decking/tropical-hardwood/massaranduba/
MIA;product_tag;https://brazilianlumber.com/product-tag/massaranduba-2/;https://brazilianlumber.com/decking/tropical-hardwood/massaranduba/
MIA;product_tag;https://brazilianlumber.com/product-tag/massranduba/;https://brazilianlumber.com/lumber/tropical-hardwood/
MIA;product_tag;https://brazilianlumber.com/product-tag/no-cracks/;https://brazilianlumber.com/shop/
MIA;product_tag;https://brazilianlumber.com/product-tag/no-cracks/;https://brazilianlumber.com/shop/
MIA;product_tag;https://brazilianlumber.com/product-tag/no-splinters/;https://brazilianlumber.com/shop/
MIA;product_tag;https://brazilianlumber.com/product-tag/no-splinters/;https://brazilianlumber.com/shop/
MIA;product_tag;https://brazilianlumber.com/product-tag/norx-decking/;https://brazilianlumber.com/shop/
MIA;product_tag;https://brazilianlumber.com/product-tag/outdoor-construction/;https://brazilianlumber.com/lumber/tropical-hardwood/
MIA;product_tag;https://brazilianlumber.com/product-tag/outdoor-construction/;https://brazilianlumber.com/lumber/tropical-hardwood/
MIA;product_tag;https://brazilianlumber.com/product-tag/outdoor-projects/;https://brazilianlumber.com/lumber/tropical-hardwood/
MIA;product_tag;https://brazilianlumber.com/product-tag/outdoor/;https://brazilianlumber.com/shop/
MIA;product_tag;https://brazilianlumber.com/product-tag/performs-under-heavey-load/;https://brazilianlumber.com/shop/
MIA;product_tag;https://brazilianlumber.com/product-tag/performs-under-heavey-load/;https://brazilianlumber.com/shop/
MIA;product_tag;https://brazilianlumber.com/product-tag/pergola/;https://brazilianlumber.com/shop/
MIA;product_tag;https://brazilianlumber.com/product-tag/piquia-2/;https://brazilianlumber.com/lumber/tropical-hardwood/
MIA;product_tag;https://brazilianlumber.com/product-tag/piquia-2/;https://brazilianlumber.com/lumber/tropical-hardwood/
MIA;product_tag;https://brazilianlumber.com/product-tag/planter-boxes/;https://brazilianlumber.com/lumber/tropical-hardwood/
MIA;product_tag;https://brazilianlumber.com/product-tag/plastic-decking/;https://brazilianlumber.com/decking/bamboo/
MIA;product_tag;https://brazilianlumber.com/product-tag/play-structures/;https://brazilianlumber.com/lumber/tropical-hardwood/
MIA;product_tag;https://brazilianlumber.com/product-tag/plugs/;https://brazilianlumber.com/accessories/fasteners/
MIA;product_tag;https://brazilianlumber.com/product-tag/poles/;https://brazilianlumber.com/lumber/tropical-hardwood/
MIA;product_tag;https://brazilianlumber.com/product-tag/poles/;https://brazilianlumber.com/lumber/tropical-hardwood/
MIA;product_tag;https://brazilianlumber.com/product-tag/post-railing-pergola-beam/;https://brazilianlumber.com/shop/
MIA;product_tag;https://brazilianlumber.com/product-tag/prestige-grooved/;https://brazilianlumber.com/decking/composite/deckotech/
MIA;product_tag;https://brazilianlumber.com/product-tag/prestige/;https://brazilianlumber.com/shop/
MIA;product_tag;https://brazilianlumber.com/product-tag/prime/;https://brazilianlumber.com/shop/
MIA;product_tag;https://brazilianlumber.com/product-tag/pvc-decking/;https://brazilianlumber.com/decking/bamboo/
MIA;product_tag;https://brazilianlumber.com/product-tag/rafters/;https://brazilianlumber.com/shop/
MIA;product_tag;https://brazilianlumber.com/product-tag/red-colored-wood/;https://brazilianlumber.com/shop/
MIA;product_tag;https://brazilianlumber.com/product-tag/red-colored-wood/;https://brazilianlumber.com/shop/
MIA;product_tag;https://brazilianlumber.com/product-tag/remodeling/;https://brazilianlumber.com/shop/
MIA;product_tag;https://brazilianlumber.com/product-tag/remodeling/;https://brazilianlumber.com/shop/
MIA;product_tag;https://brazilianlumber.com/product-tag/robust-wood-for-skirting-fascia/;https://brazilianlumber.com/decking/tropical-hardwood/cumaru/
MIA;product_tag;https://brazilianlumber.com/product-tag/royal-turf/;https://brazilianlumber.com/landscaping/artificial-turf/
MIA;product_tag;https://brazilianlumber.com/product-tag/royal/;https://brazilianlumber.com/landscaping/artificial-turf/
MIA;product_tag;https://brazilianlumber.com/product-tag/screw-hole-plugs/;https://brazilianlumber.com/accessories/fasteners/
MIA;product_tag;https://brazilianlumber.com/product-tag/sheetpiling/;https://brazilianlumber.com/lumber/tropical-hardwood/
MIA;product_tag;https://brazilianlumber.com/product-tag/sheetpiling/;https://brazilianlumber.com/lumber/tropical-hardwood/
MIA;product_tag;https://brazilianlumber.com/product-tag/shiplap-cladding/;https://brazilianlumber.com/cladding-siding/composite/
MIA;product_tag;https://brazilianlumber.com/product-tag/shiplap-corner-piece/;https://brazilianlumber.com/cladding-siding/composite/
MIA;product_tag;https://brazilianlumber.com/product-tag/silent-haven-fencing/;https://brazilianlumber.com/fencing-gates/composite/
MIA;product_tag;https://brazilianlumber.com/product-tag/silver-feather/;https://brazilianlumber.com/shop/
MIA;product_tag;https://brazilianlumber.com/product-tag/smooth-shield-double-gate/;https://brazilianlumber.com/decking/composite/deckotech/
MIA;product_tag;https://brazilianlumber.com/product-tag/smooth-shield-fence-set/;https://brazilianlumber.com/decking/composite/deckotech/
MIA;product_tag;https://brazilianlumber.com/product-tag/smooth-shield-single-gate/;https://brazilianlumber.com/decking/composite/deckotech/
MIA;product_tag;https://brazilianlumber.com/product-tag/solara-2/;https://brazilianlumber.com/shop/
MIA;product_tag;https://brazilianlumber.com/product-tag/solara/;https://brazilianlumber.com/cladding-siding/
MIA;product_tag;https://brazilianlumber.com/product-tag/square-decking/;https://brazilianlumber.com/decking/composite/deckotech/
MIA;product_tag;https://brazilianlumber.com/product-tag/square-feet/;https://brazilianlumber.com/accessories/substructure/
MIA;product_tag;https://brazilianlumber.com/product-tag/stairboard/;https://brazilianlumber.com/decking/composite/deckotech/
MIA;product_tag;https://brazilianlumber.com/product-tag/stripy-patterned-wood/;https://brazilianlumber.com/lumber/tropical-hardwood/
MIA;product_tag;https://brazilianlumber.com/product-tag/stripy-patterned-wood/;https://brazilianlumber.com/lumber/tropical-hardwood/
MIA;product_tag;https://brazilianlumber.com/product-tag/structural-wood/;https://brazilianlumber.com/lumber/tropical-hardwood/
MIA;product_tag;https://brazilianlumber.com/product-tag/structural-wood/;https://brazilianlumber.com/lumber/tropical-hardwood/
MIA;product_tag;https://brazilianlumber.com/product-tag/sustainable-tropical-wood/;https://brazilianlumber.com/shop/
MIA;product_tag;https://brazilianlumber.com/product-tag/sustainable-tropical-wood/;https://brazilianlumber.com/shop/
MIA;product_tag;https://brazilianlumber.com/product-tag/tape/;https://brazilianlumber.com/accessories/substructure/
MIA;product_tag;https://brazilianlumber.com/product-tag/terra-essence/;https://brazilianlumber.com/decking/composite/deckotech/
MIA;product_tag;https://brazilianlumber.com/product-tag/terra-grooved-two-sides/;https://brazilianlumber.com/decking/composite/deckotech/
MIA;product_tag;https://brazilianlumber.com/product-tag/terra/;https://brazilianlumber.com/shop/
MIA;product_tag;https://brazilianlumber.com/product-tag/thermally-treated-wood/;https://brazilianlumber.com/decking/thermally-modified/ayous/
MIA;product_tag;https://brazilianlumber.com/product-tag/tiger-wood/;https://brazilianlumber.com/decking/tropical-hardwood/tigerwood/
MIA;product_tag;https://brazilianlumber.com/product-tag/timber-2/;https://brazilianlumber.com/shop/
MIA;product_tag;https://brazilianlumber.com/product-tag/timber/;https://brazilianlumber.com/shop/
MIA;product_tag;https://brazilianlumber.com/product-tag/trex/;https://brazilianlumber.com/decking/composite/trex/
MIA;product_tag;https://brazilianlumber.com/product-tag/tropical-wood/;https://brazilianlumber.com/shop/
MIA;product_tag;https://brazilianlumber.com/product-tag/tropical-wood/;https://brazilianlumber.com/shop/
MIA;product_tag;https://brazilianlumber.com/product-tag/two-sides-decking/;https://brazilianlumber.com/decking/composite/deckotech/
MIA;product_tag;https://brazilianlumber.com/product-tag/velvet-red-wood/;https://brazilianlumber.com/shop/
MIA;product_tag;https://brazilianlumber.com/product-tag/velvet-red-wood/;https://brazilianlumber.com/shop/
MIA;product_tag;https://brazilianlumber.com/product-tag/vidar/;https://brazilianlumber.com/shop/
MIA;product_tag;https://brazilianlumber.com/product-tag/white-iron-wood/;https://brazilianlumber.com/lumber/tropical-hardwood/
MIA;product_tag;https://brazilianlumber.com/product-tag/white-iron-wood/;https://brazilianlumber.com/lumber/tropical-hardwood/
MIA;product_tag;https://brazilianlumber.com/product-tag/wood-floor-plugs/;https://brazilianlumber.com/accessories/fasteners/
MIA;product_tag;https://brazilianlumber.com/product-tag/wood-plugs/;https://brazilianlumber.com/accessories/fasteners/
MIA;product_tag;https://brazilianlumber.com/product-tag/wood-work/;https://brazilianlumber.com/shop/
MIA;product_tag;https://brazilianlumber.com/product-tag/wood-work/;https://brazilianlumber.com/shop/
MIA;product_tag;https://brazilianlumber.com/product-tag/yellow-grey-colored-wood/;https://brazilianlumber.com/lumber/tropical-hardwood/
MIA;product_tag;https://brazilianlumber.com/product-tag/yellow-grey-colored-wood/;https://brazilianlumber.com/lumber/tropical-hardwood/
MIA;pages;https://brazilianlumber.com/product/agar-castanho8-x-12-x-0-3/;https://brazilianlumber.com/product/teca-castanho-8-x-12-x-0-3/
MIA;pages;https://brazilianlumber.com/product/armadillo-1x6-12-grooved-lifestyle-composite-decking-2/;https://brazilianlumber.com/product/armadillo-1x6-12-grooved-lifestyle-pvc-decking/
MIA;pages;https://brazilianlumber.com/product/armadillo-pvc-decking/;https://brazilianlumber.com/product/armadillo-pvc-decking-2/
MIA;pages;https://brazilianlumber.com/product/birkhall-artificial-ivy/;https://brazilianlumber.com/product/berkshire-moss-artificial-ivy/
MIA;pages;https://brazilianlumber.com/product/deckwise-master-plug-kit/;https://brazilianlumber.com/product/lowest-prices-deckwise-master-plug-kit/
MIA;pages;https://brazilianlumber.com/product/deckwise-stainless-steel-trim-head-screws-8x1-inches/;https://brazilianlumber.com/product/deckwise-stainless-steel-trim-head-screws-8x1-1-2-half-inches/
MIA;pages;https://brazilianlumber.com/product/grad-concepts-start-rail-1888gc/;https://brazilianlumber.com/product/grad-concept-start-rail-2495gc-decking-profiles/
MIA;pages;https://brazilianlumber.com/product/jatoba-tropical-hardwood-1x6-2/;https://brazilianlumber.com/product/jatoba-tropical-hardwood-1x6/
MIA;pages;https://brazilianlumber.com/product/jungle-duma-8-x-12-x-0-3/;https://brazilianlumber.com/product/origens-tauari-8-x-12-x-0-3/
MIA;pages;https://brazilianlumber.com/product/light-duty-cable-cutters-wisecable-accessory/;https://brazilianlumber.com/product/heavy-duty-cable-cutters-wisecable-accessory/
MIA;product;https://brazilianlumber.com/product/live-edge-slabs/;https://brazilianlumber.com/product/live-edge-root-slabs/
MIA;pages;https://brazilianlumber.com/product/louis-grawsy-artificial-turf/;https://brazilianlumber.com/product/phillip-lawn-artificial-turf/
MIA;product;https://brazilianlumber.com/product/low-prices-cumaru-hardwood-5-4x10-dimensional-lumber/;https://brazilianlumber.com/product/cumaru-wood-wall-panels-5-4x6/
MIA;pages;https://brazilianlumber.com/product/luna-arctic-layer-19x188-brushed/;https://brazilianlumber.com/product/luna-arctic-triple-32x140-brushed/
MIA;pages;https://brazilianlumber.com/product/luna-bevel-hn-26x142/;https://brazilianlumber.com/product/luna-arctic-layer-19x142-brushed/
MIA;pages;https://brazilianlumber.com/product/luna-femma-26x142/;https://brazilianlumber.com/product/luna-arctic-layer-19x142-brushed/
MIA;pages;https://brazilianlumber.com/product/origens-angelim-8-x-12-x-0-3/;https://brazilianlumber.com/product/origens-tauari-8-x-12-x-0-3/
MIA;pages;https://brazilianlumber.com/product/origens-carvalho-8-x-12-x-0-3/;https://brazilianlumber.com/product/origens-tauari-8-x-12-x-0-3/
MIA;pages;https://brazilianlumber.com/product/origens-okan-8-x-12-x-0-3/;https://brazilianlumber.com/product/origens-tauari-8-x-12-x-0-3/
MIA;product;https://brazilianlumber.com/product/prestige-collection-smooth-fence-set-by-deckotech/;https://brazilianlumber.com/product/prestige-collection-strong-fence-set-by-deckotech/
MIA;product;https://brazilianlumber.com/product/prestige-collection-smooth-shield-double-gate-by-deckotech-6x4/;https://brazilianlumber.com/product/prestige-collection-grid-strong-double-gate-by-deckotech/
MIA;product;https://brazilianlumber.com/product/prestige-collection-square-decking-board-by-deckotech/;https://brazilianlumber.com/product/prestige-collection-grooved-two-sides-decking-board-by-deckotech/
MIA;product;https://brazilianlumber.com/product/prestige-collection-stairboard-by-deckotech/;https://brazilianlumber.com/product/prestige-collection-grooved-two-sides-decking-board-by-deckotech/
MIA;product;https://brazilianlumber.com/product/prestige-smooth-shield-single-gate-by-deckotech/;https://brazilianlumber.com/product/prestige-collection-grid-strong-double-gate-by-deckotech/
MIA;pages;https://brazilianlumber.com/product/teca-bege-8-x-12-x-0-3/;https://brazilianlumber.com/product/teca-castanho-8-x-12-x-0-3/
MIA;product;https://brazilianlumber.com/product/terra-collection-finishing-trim-by-deckotech/;https://brazilianlumber.com/product/terra-collection-grid-cladding-by-deckotech/
MIA;product;https://brazilianlumber.com/product/terra-collection-grooved-two-sides-decking-board-by-deckotech/;https://brazilianlumber.com/product/terra-collection-grid-cladding-by-deckotech/
MIA;product;https://brazilianlumber.com/product/terra-collection-square-decking-board-by-deckotech/;https://brazilianlumber.com/product/terra-collection-grid-cladding-by-deckotech/
MIA;pages;https://brazilianlumber.com/product/timbertech-pro-pvc-decking-terrain-collection-1x6/;https://brazilianlumber.com/product/timbertech-pro-pvc-decking-terrain-collection/
MIA;pages;https://brazilianlumber.com/pvc-decking/;https://brazilianlumber.com/decking/pvc/
MIA;pages;https://brazilianlumber.com/siding-and-cladding/;https://brazilianlumber.com/cladding-siding/
MIA;tags;https://brazilianlumber.com/tag/artificial-ivy/;https://brazilianlumber.com/shop/
MIA;tags;https://brazilianlumber.com/tag/artificial-turf/;https://brazilianlumber.com/shop/
MIA;tags;https://brazilianlumber.com/tag/brazilian-chesnut/;https://brazilianlumber.com/shop/
MIA;tags;https://brazilianlumber.com/tag/brazilian-lumber/;https://brazilianlumber.com/shop/
MIA;tags;https://brazilianlumber.com/tag/composite/;https://brazilianlumber.com/shop/
MIA;tags;https://brazilianlumber.com/tag/construction/;https://brazilianlumber.com/shop/
MIA;tags;https://brazilianlumber.com/tag/cypress-wood/;https://brazilianlumber.com/shop/
MIA;tags;https://brazilianlumber.com/tag/cypress/;https://brazilianlumber.com/shop/
MIA;tags;https://brazilianlumber.com/tag/deck-building/;https://brazilianlumber.com/shop/
MIA;tags;https://brazilianlumber.com/tag/deck-railing/;https://brazilianlumber.com/shop/
MIA;tags;https://brazilianlumber.com/tag/decking-accesories/;https://brazilianlumber.com/shop/
MIA;tags;https://brazilianlumber.com/tag/decking-projects/;https://brazilianlumber.com/shop/
MIA;tags;https://brazilianlumber.com/tag/decking-tools/;https://brazilianlumber.com/shop/
MIA;tags;https://brazilianlumber.com/tag/diy/;https://brazilianlumber.com/shop/
MIA;tags;https://brazilianlumber.com/tag/drill/;https://brazilianlumber.com/shop/
MIA;tags;https://brazilianlumber.com/tag/earth/;https://brazilianlumber.com/shop/
MIA;tags;https://brazilianlumber.com/tag/environment/;https://brazilianlumber.com/shop/
MIA;tags;https://brazilianlumber.com/tag/forest-management/;https://brazilianlumber.com/shop/
MIA;tags;https://brazilianlumber.com/tag/gap-spacing/;https://brazilianlumber.com/shop/
MIA;tags;https://brazilianlumber.com/tag/hardwood-deck/;https://brazilianlumber.com/accessories/finishes-sealers/
MIA;tags;https://brazilianlumber.com/tag/hardwood-fences/;https://brazilianlumber.com/shop/
MIA;tags;https://brazilianlumber.com/tag/hardwoods/;https://brazilianlumber.com/shop/
MIA;tags;https://brazilianlumber.com/tag/hidden-fasteners/;https://brazilianlumber.com/shop/
MIA;tags;https://brazilianlumber.com/tag/homeowner-renovators/;https://brazilianlumber.com/shop/
MIA;tags;https://brazilianlumber.com/tag/how-to/;https://brazilianlumber.com/shop/
MIA;tags;https://brazilianlumber.com/tag/indoor-flooring/;https://brazilianlumber.com/shop/
MIA;tags;https://brazilianlumber.com/tag/indoor-living-ideas/;https://brazilianlumber.com/shop/
MIA;tags;https://brazilianlumber.com/tag/installing-ipe/;https://brazilianlumber.com/shop/
MIA;tags;https://brazilianlumber.com/tag/interior/;https://brazilianlumber.com/shop/
MIA;tags;https://brazilianlumber.com/tag/ipe-installation/;https://brazilianlumber.com/shop/
MIA;tags;https://brazilianlumber.com/tag/ipe-shorts/;https://brazilianlumber.com/shop/
MIA;tags;https://brazilianlumber.com/tag/live-edge-slab-furniture/;https://brazilianlumber.com/shop/
MIA;tags;https://brazilianlumber.com/tag/live-edge-slab/;https://brazilianlumber.com/shop/
MIA;tags;https://brazilianlumber.com/tag/luxury-flooring/;https://brazilianlumber.com/shop/
MIA;tags;https://brazilianlumber.com/tag/massaranduba-wood/;https://brazilianlumber.com/shop/
MIA;tags;https://brazilianlumber.com/tag/mature-trees/;https://brazilianlumber.com/shop/
MIA;tags;https://brazilianlumber.com/tag/outdoor-flooring/;https://brazilianlumber.com/shop/
MIA;tags;https://brazilianlumber.com/tag/outdoor-livin-ideas/;https://brazilianlumber.com/shop/
MIA;tags;https://brazilianlumber.com/tag/outdoor-projects/;https://brazilianlumber.com/lumber/tropical-hardwood/
MIA;tags;https://brazilianlumber.com/tag/outdoor-spot/;https://brazilianlumber.com/shop/
MIA;tags;https://brazilianlumber.com/tag/outdoor/;https://brazilianlumber.com/shop/
MIA;tags;https://brazilianlumber.com/tag/pergola/;https://brazilianlumber.com/shop/
MIA;tags;https://brazilianlumber.com/tag/platinum-garapa/;https://brazilianlumber.com/shop/
MIA;tags;https://brazilianlumber.com/tag/preservation/;https://brazilianlumber.com/shop/
MIA;tags;https://brazilianlumber.com/tag/projects/;https://brazilianlumber.com/shop/
MIA;tags;https://brazilianlumber.com/tag/railing/;https://brazilianlumber.com/shop/
MIA;tags;https://brazilianlumber.com/tag/reforestation/;https://brazilianlumber.com/shop/
MIA;tags;https://brazilianlumber.com/tag/replace-hadwood/;https://brazilianlumber.com/shop/
MIA;tags;https://brazilianlumber.com/tag/replanting-trees/;https://brazilianlumber.com/shop/
MIA;tags;https://brazilianlumber.com/tag/replanting/;https://brazilianlumber.com/shop/
MIA;tags;https://brazilianlumber.com/tag/rot-resistant-hardwoods/;https://brazilianlumber.com/shop/
MIA;tags;https://brazilianlumber.com/tag/slabs/;https://brazilianlumber.com/shop/
MIA;tags;https://brazilianlumber.com/tag/treated-wood/;https://brazilianlumber.com/shop/
MIA;tags;https://brazilianlumber.com/tag/trees/;https://brazilianlumber.com/shop/
MIA;tags;https://brazilianlumber.com/tag/tropical-hardwood-profiles/;https://brazilianlumber.com/shop/
MIA;tags;https://brazilianlumber.com/tag/tropical-hardwoods/;https://brazilianlumber.com/shop/
MIA;tags;https://brazilianlumber.com/tag/wood-grades/;https://brazilianlumber.com/shop/
MIA;tags;https://brazilianlumber.com/tag/wood-structures/;https://brazilianlumber.com/shop/
MIA;tags;https://brazilianlumber.com/tag/woodworking-materials/;https://brazilianlumber.com/shop/
MIA;pages;https://brazilianlumber.com/test-form-flowsly/;https://brazilianlumber.com/
MIA;pages;https://brazilianlumber.com/thank-you-ibs/;https://brazilianlumber.com/
MIA;pages;https://brazilianlumber.com/thank-you-page/;https://brazilianlumber.com/
MIA;pages;https://brazilianlumber.com/thank-you-review/;https://brazilianlumber.com/
MIA;pages;https://brazilianlumber.com/thermally-enhanced-wood/;https://brazilianlumber.com/decking/thermally-modified/
MIA;pages;https://brazilianlumber.com/thermally-modified-wood/;https://brazilianlumber.com/decking/thermally-modified/
MIA;pages;https://brazilianlumber.com/tools/;https://brazilianlumber.com/accessories/tools/
MIA;pages;https://brazilianlumber.com/trex-decking/;https://brazilianlumber.com/decking/composite/trex/
MIA;pages;https://brazilianlumber.com/wood-wall-panels/;https://brazilianlumber.com/cladding-siding/wood-wall-panels/
MIA;pages;https://brazilianlumberlosangeles.com/;https://brazilianlumber.com/
MIA;pages;https://brazilianlumberlosangeles.com/about-us/;https://brazilianlumber.com/brazilian-lumber/
MIA;pages;https://brazilianlumberlosangeles.com/altadena/;https://brazilianlumber.com/locations/altadena/
MIA;pages;https://brazilianlumberlosangeles.com/brazilian-lumber-los-angeles-blogs/;https://brazilianlumber.com/guides/
MIA;categories;https://brazilianlumberlosangeles.com/category/backyards/;https://brazilianlumber.com/guides/small-backyards-design/
MIA;categories;https://brazilianlumberlosangeles.com/category/decking-oils/;https://brazilianlumber.com/guides/guide-to-uv-protectant-oils/
MIA;categories;https://brazilianlumberlosangeles.com/category/janka-hardness/;https://brazilianlumber.com/guides/understanding-janka-hardness/
MIA;categories;https://brazilianlumberlosangeles.com/category/rooftops/;https://brazilianlumber.com/guides/8-benefits-of-rooftop-gardens/
MIA;categories;https://brazilianlumberlosangeles.com/category/sustainability/;https://brazilianlumber.com/guides/7-reasons-to-rethink-tree-planting/
MIA;pages;https://brazilianlumberlosangeles.com/cladding/;https://brazilianlumber.com/cladding-siding/
MIA;pages;https://brazilianlumberlosangeles.com/composite-brands-la/;https://brazilianlumber.com/composite-brands/
MIA;pages;https://brazilianlumberlosangeles.com/composite-decking/;https://brazilianlumber.com/decking/composite/
MIA;pages;https://brazilianlumberlosangeles.com/faqs/;https://brazilianlumber.com/faq/
MIA;pages;https://brazilianlumberlosangeles.com/ipe-deck-tiles/;https://brazilianlumber.com/decking/deck-tiles/
MIA;pages;https://brazilianlumberlosangeles.com/ipe-decking-san-diego-ca/;https://brazilianlumber.com/locations/ipe-decking-san-diego/
MIA;pages;https://brazilianlumberlosangeles.com/ipe/;https://brazilianlumber.com/decking/tropical-hardwood/ipe/
MIA;pages;https://brazilianlumberlosangeles.com/jatoba/;https://brazilianlumber.com/decking/tropical-hardwood/jatoba/
MIA;pages;https://brazilianlumberlosangeles.com/new-shop/;https://brazilianlumber.com/shop/
MIA;pages;https://brazilianlumberlosangeles.com/piquia/;https://brazilianlumber.com/decking/tropical-hardwood/piquia/
MIA;pages;https://brazilianlumberlosangeles.com/product/garapa-wood-1x6/;https://brazilianlumber.com/product/garapa-tropical-hardwood-1x6-hot-deals/
MIA;pages;https://brazilianlumberlosangeles.com/product/garapa-wood-wall-panels-5-4x6-2/;https://brazilianlumber.com/product/garapa-wood-wall-panels-5-4x6/
MIA;pages;https://brazilianlumberlosangeles.com/product/ipe-1x12/;https://brazilianlumber.com/product/ipe-1x12-decking/
MIA;pages;https://brazilianlumberlosangeles.com/product/ipe-1x4/;https://brazilianlumber.com/product/ipe-1x4-standard/
MIA;pages;https://brazilianlumberlosangeles.com/product/ipe-2x4/;https://brazilianlumber.com/product/ipe-2x4-dimensional-lumber/
MIA;pages;https://brazilianlumberlosangeles.com/product/ipe-5-4x12/;https://brazilianlumber.com/product/ipe-5-4x12-lumber/
MIA;pages;https://brazilianlumberlosangeles.com/product/ipe-5-4x8/;https://brazilianlumber.com/product/ipe-5-4x8-decking/
MIA;pages;https://brazilianlumberlosangeles.com/product/prestige-collection-grand-grid-cladding-1x8-by-deckotech/;https://brazilianlumber.com/product/prestige-collection-grand-grid-cladding-by-deckotech/
MIA;pages;https://brazilianlumberlosangeles.com/thermo-woods-ca/;https://brazilianlumber.com/thermo-woods-fl/
MIA;pages;https://brazilianlumberlosangeles.com/timbertech-composite-decking/;https://brazilianlumber.com/decking/composite/timbertech/
MIA;pages;https://brazilianlumberlosangeles.com/wholesale/;https://brazilianlumber.com/wholesale-prices/
MIA;pages;https://brazilianlumbernewyork.com/best-price-brazilian-lunber-los-angeles-ca/;https://brazilianlumber.com/locations/best-price-brazilian-lunber-los-angeles-ca/
MIA;pages;https://brazilianlumbernewyork.com/blogs/;https://brazilianlumber.com/guides/
NJ;pages;https://brazilianlumbernewyork.com/;https://brazilianlumber.com/
NJ;posts;https://brazilianlumbernewyork.com/5-reasons-thermally-modified-woods/;https://brazilianlumber.com/guides/5-reasons-thermally-modified-woods/
NJ;posts;https://brazilianlumbernewyork.com/5-trends-in-thermally-modified-wood/;https://brazilianlumber.com/guides/5-trends-in-thermally-modified-wood/
NJ;posts;https://brazilianlumbernewyork.com/6-reasons-to-choose-garapa-wood/;https://brazilianlumber.com/guides/6-reasons-to-choose-garapa-wood/
NJ;posts;https://brazilianlumbernewyork.com/6-reasons-to-choose-ipe-deck-tiles/;https://brazilianlumber.com/guides/6-reasons-to-choose-ipe-deck-tiles/
NJ;posts;https://brazilianlumbernewyork.com/7-reasons-to-rethink-tree-planting/;https://brazilianlumber.com/guides/7-reasons-to-rethink-tree-planting/
NJ;posts;https://brazilianlumbernewyork.com/8-benefits-of-rooftop-gardens/;https://brazilianlumber.com/guides/8-benefits-of-rooftop-gardens/
NJ;posts;https://brazilianlumbernewyork.com/about-thermally-modified-woods/;https://brazilianlumber.com/guides/about-thermally-modified-woods/
NJ;pages;https://brazilianlumbernewyork.com/about-us/;https://brazilianlumber.com/brazilian-lumber/
NJ;pages;https://brazilianlumbernewyork.com/altadena/;https://brazilianlumber.com/locations/altadena/
NJ;pages;https://brazilianlumbernewyork.com/anaheim/;https://brazilianlumber.com/locations/anaheim/
NJ;pages;https://brazilianlumbernewyork.com/angelim-pedra/;https://brazilianlumber.com/angelim-pedra/
NJ;pages;https://brazilianlumbernewyork.com/arcadia/;https://brazilianlumber.com/areas-we-serve/
NJ;pages;https://brazilianlumbernewyork.com/bakersfield/;https://brazilianlumber.com/locations/bakersfield/
NJ;pages;https://brazilianlumbernewyork.com/batu/;https://brazilianlumber.com/batu/
NJ;pages;https://brazilianlumbernewyork.com/beverly-hills/;https://brazilianlumber.com/areas-we-serve/
NJ;pages;https://brazilianlumbernewyork.com/brea/;https://brazilianlumber.com/areas-we-serve/
NJ;pages;https://brazilianlumbernewyork.com/brentwood/;https://brazilianlumber.com/locations/brentwood/
NJ;pages;https://brazilianlumbernewyork.com/burbank/;https://brazilianlumber.com/locations/burbank/
NJ;pages;https://brazilianlumbernewyork.com/calabasas/;https://brazilianlumber.com/areas-we-serve/
NJ;pages;https://brazilianlumbernewyork.com/calculator/;https://brazilianlumber.com/calculator/
NJ;pages;https://brazilianlumbernewyork.com/carpinteria/;https://brazilianlumber.com/locations/carpinteria/
NJ;pages;https://brazilianlumbernewyork.com/cart/;https://brazilianlumber.com/
NJ;categories;https://brazilianlumbernewyork.com/category/backyards/;https://brazilianlumber.com/guides/
NJ;categories;https://brazilianlumbernewyork.com/category/cladding/;https://brazilianlumber.com/guides/cladding/
NJ;categories;https://brazilianlumbernewyork.com/category/composite-decking/;https://brazilianlumber.com/guides/composite-decking/
NJ;categories;https://brazilianlumbernewyork.com/category/cumaru/;https://brazilianlumber.com/guides/cumaru/
NJ;categories;https://brazilianlumbernewyork.com/category/decking-oils/;https://brazilianlumber.com/guides/
NJ;categories;https://brazilianlumbernewyork.com/category/decks/;https://brazilianlumber.com/guides/decks/
NJ;categories;https://brazilianlumbernewyork.com/category/hardwoods/;https://brazilianlumber.com/guides/hardwoods/
NJ;categories;https://brazilianlumbernewyork.com/category/ipe-deck-tiles/;https://brazilianlumber.com/guides/ipe-deck-tiles/
NJ;categories;https://brazilianlumbernewyork.com/category/ipe/;https://brazilianlumber.com/guides/ipe/
NJ;categories;https://brazilianlumbernewyork.com/category/janka-hardness/;https://brazilianlumber.com/guides/
NJ;categories;https://brazilianlumbernewyork.com/category/outdoor-design/;https://brazilianlumber.com/guides/outdoor-design/
NJ;categories;https://brazilianlumbernewyork.com/category/rooftops/;https://brazilianlumber.com/guides/
NJ;categories;https://brazilianlumbernewyork.com/category/sustainability/;https://brazilianlumber.com/guides/
NJ;categories;https://brazilianlumbernewyork.com/category/thermally-modified-wood/;https://brazilianlumber.com/guides/thermally-modified-wood/
NJ;categories;https://brazilianlumbernewyork.com/category/uncategorized/;https://brazilianlumber.com/guides/
NJ;pages;https://brazilianlumbernewyork.com/checkout/;https://brazilianlumber.com/
NJ;posts;https://brazilianlumbernewyork.com/child-safe-decks/;https://brazilianlumber.com/guides/child-safe-decks/
NJ;pages;https://brazilianlumbernewyork.com/chula-vista/;https://brazilianlumber.com/locations/chula-vista/
NJ;pages;https://brazilianlumbernewyork.com/cladding/;https://brazilianlumber.com/cladding-siding/
NJ;pages;https://brazilianlumbernewyork.com/composite-decking/;https://brazilianlumber.com/decking/composite/
NJ;pages;https://brazilianlumbernewyork.com/contact/;https://brazilianlumber.com/contact/
NJ;pages;https://brazilianlumbernewyork.com/costa-mesa/;https://brazilianlumber.com/locations/costa-mesa/
NJ;posts;https://brazilianlumbernewyork.com/cumaru-deck-tiles/;https://brazilianlumber.com/guides/cumaru-deck-tiles/
NJ;pages;https://brazilianlumbernewyork.com/cumaru/;https://brazilianlumber.com/decking/tropical-hardwood/cumaru/
NJ;posts;https://brazilianlumbernewyork.com/deck-inspection-tips/;https://brazilianlumber.com/guides/deck-inspection-tips/
NJ;pages;https://brazilianlumbernewyork.com/deckorators/;https://brazilianlumber.com/deckorators/
NJ;pages;https://brazilianlumbernewyork.com/deckotech-composite-cladding/;https://brazilianlumber.com/deckotech-composite-cladding/
NJ;pages;https://brazilianlumbernewyork.com/deckotech/;https://brazilianlumber.com/decking/composite/deckotech/
NJ;pages;https://brazilianlumbernewyork.com/demo-home/;https://brazilianlumber.com/
NJ;pages;https://brazilianlumbernewyork.com/diamond-bar/;https://brazilianlumber.com/areas-we-serve/
NJ;posts;https://brazilianlumbernewyork.com/diy-deck-tiles/;https://brazilianlumber.com/guides/diy-deck-tiles/
NJ;pages;https://brazilianlumbernewyork.com/download-our-brochure/;https://brazilianlumber.com/download-our-brochure/
NJ;pages;https://brazilianlumbernewyork.com/download-our-deck-preparation-checklist/;https://brazilianlumber.com/
NJ;pages;https://brazilianlumbernewyork.com/download-trend-guide/;https://brazilianlumber.com/
NJ;pages;https://brazilianlumbernewyork.com/el-segundo/;https://brazilianlumber.com/areas-we-serve/
NJ;pages;https://brazilianlumbernewyork.com/encino/;https://brazilianlumber.com/areas-we-serve/
NJ;pages;https://brazilianlumbernewyork.com/fontana/;https://brazilianlumber.com/locations/fontana/
NJ;pages;https://brazilianlumbernewyork.com/fremont/;https://brazilianlumber.com/locations/fremont/
NJ;pages;https://brazilianlumbernewyork.com/fresno/;https://brazilianlumber.com/locations/fresno/
NJ;pages;https://brazilianlumbernewyork.com/garapa/;https://brazilianlumber.com/decking/tropical-hardwood/garapa/
NJ;pages;https://brazilianlumbernewyork.com/glendale/;https://brazilianlumber.com/areas-we-serve/
NJ;posts;https://brazilianlumbernewyork.com/guide-to-uv-protectant-oils/;https://brazilianlumber.com/guides/guide-to-uv-protectant-oils/
NJ;pages;https://brazilianlumbernewyork.com/hardwood-supplier-az/;https://brazilianlumber.com/hardwood-supplier-az/
NJ;pages;https://brazilianlumbernewyork.com/hardwood-supplier-in-the-western-states/;https://brazilianlumber.com/hardwood-supplier-in-the-western-states/
NJ;pages;https://brazilianlumbernewyork.com/hardwoods-in-summerland/;https://brazilianlumber.com/areas-we-serve/
NJ;posts;https://brazilianlumbernewyork.com/heat-resistant-decking-materials/;https://brazilianlumber.com/guides/heat-resistant-decking-materials/
NJ;pages;https://brazilianlumbernewyork.com/hollywood/;https://brazilianlumber.com/locations/hollywood/
NJ;posts;https://brazilianlumbernewyork.com/how-to-install-ipe-deck-tiles/;https://brazilianlumber.com/guides/how-to-install-ipe-deck-tiles/
NJ;pages;https://brazilianlumbernewyork.com/huntington-beach/;https://brazilianlumber.com/locations/huntington-beach/
NJ;pages;https://brazilianlumbernewyork.com/ipe-deck-tiles-la/;https://brazilianlumber.com/ipe-deck-tiles-la/
NJ;pages;https://brazilianlumbernewyork.com/ipe-deck-tiles/;https://brazilianlumber.com/decking/deck-tiles/
NJ;pages;https://brazilianlumbernewyork.com/ipe-decking-la/;https://brazilianlumber.com/ipe-decking-los-angeles/
NJ;pages;https://brazilianlumbernewyork.com/ipe-decking-los-angeles/;https://brazilianlumber.com/ipe-decking-los-angeles/
NJ;pages;https://brazilianlumbernewyork.com/ipe-decking-san-diego-ca/;https://brazilianlumber.com/locations/ipe-decking-san-diego/
NJ;pages;https://brazilianlumbernewyork.com/ipe-decking-san-francisco-ca/;https://brazilianlumber.com/locations/ipe-decking-san-francisco-ca/
NJ;pages;https://brazilianlumbernewyork.com/ipe-decking-scottsdale-az/;https://brazilianlumber.com/ipe-decking-scottsdale-az/
NJ;posts;https://brazilianlumbernewyork.com/ipe-in-naples-clam-pass-boardwalk/;https://brazilianlumber.com/guides/ipe-in-naples-clam-pass-boardwalk/
NJ;posts;https://brazilianlumbernewyork.com/ipe-vs-cumaru/;https://brazilianlumber.com/guides/ipe-vs-cumaru/
NJ;posts;https://brazilianlumbernewyork.com/ipe-wood-for-decking/;https://brazilianlumber.com/guides/ipe-wood-for-decking/
NJ;pages;https://brazilianlumbernewyork.com/ipe/;https://brazilianlumber.com/decking/tropical-hardwood/ipe/
NJ;pages;https://brazilianlumbernewyork.com/irvine/;https://brazilianlumber.com/areas-we-serve/
NJ;pages;https://brazilianlumbernewyork.com/jatoba/;https://brazilianlumber.com/decking/tropical-hardwood/jatoba/
NJ;posts;https://brazilianlumbernewyork.com/kiln-dried-vs-air-dried-wood/;https://brazilianlumber.com/guides/kiln-dried-vs-air-dried-wood/
NJ;pages;https://brazilianlumbernewyork.com/la-canada/;https://brazilianlumber.com/areas-we-serve/
NJ;pages;https://brazilianlumbernewyork.com/la-composite-decking/;https://brazilianlumber.com/la-composite-decking/
NJ;pages;https://brazilianlumbernewyork.com/la-crescenta/;https://brazilianlumber.com/areas-we-serve/
NJ;pages;https://brazilianlumbernewyork.com/laguna-beach/;https://brazilianlumber.com/locations/laguna-beach/
NJ;pages;https://brazilianlumbernewyork.com/long-beach/;https://brazilianlumber.com/locations/long-beach/
NJ;posts;https://brazilianlumbernewyork.com/long-lasting-wood-decks/;https://brazilianlumber.com/guides/long-lasting-wood-decks/
NJ;pages;https://brazilianlumbernewyork.com/los-angeles/;https://brazilianlumber.com/locations/los-angeles/
NJ;pages;https://brazilianlumbernewyork.com/mahogany/;https://brazilianlumber.com/mahogany/
NJ;pages;https://brazilianlumbernewyork.com/malibu/;https://brazilianlumber.com/locations/malibu/
NJ;pages;https://brazilianlumbernewyork.com/manhattan-beach/;https://brazilianlumber.com/areas-we-serve/
NJ;pages;https://brazilianlumbernewyork.com/marina-del-rey/;https://brazilianlumber.com/areas-we-serve/
NJ;pages;https://brazilianlumbernewyork.com/modesto/;https://brazilianlumber.com/locations/modesto/
NJ;pages;https://brazilianlumbernewyork.com/montecito/;https://brazilianlumber.com/areas-we-serve/
NJ;pages;https://brazilianlumbernewyork.com/montrose/;https://brazilianlumber.com/areas-we-serve/
NJ;pages;https://brazilianlumbernewyork.com/moreno-valley/;https://brazilianlumber.com/areas-we-serve/
NJ;pages;https://brazilianlumbernewyork.com/my-account/;https://brazilianlumber.com/
NJ;pages;https://brazilianlumbernewyork.com/new-shop/;https://brazilianlumber.com/shop/
NJ;pages;https://brazilianlumbernewyork.com/north-hollywood/;https://brazilianlumber.com/locations/north-hollywood/
NJ;pages;https://brazilianlumbernewyork.com/oakland/;https://brazilianlumber.com/locations/oakland/
NJ;pages;https://brazilianlumbernewyork.com/orange-county/;https://brazilianlumber.com/locations/orange-county/
NJ;posts;https://brazilianlumbernewyork.com/outdoor-design-with-ariel-asoulin/;https://brazilianlumber.com/guides/outdoor-design-with-ariel-asoulin/
NJ;pages;https://brazilianlumbernewyork.com/oxnard/;https://brazilianlumber.com/locations/oxnard/
NJ;pages;https://brazilianlumbernewyork.com/pacific-palisades/;https://brazilianlumber.com/areas-we-serve/
NJ;pages;https://brazilianlumbernewyork.com/pasadena/;https://brazilianlumber.com/locations/pasadena/
NJ;pages;https://brazilianlumbernewyork.com/pay-with-affirm/;https://brazilianlumber.com/
NJ;pages;https://brazilianlumbernewyork.com/piquia/;https://brazilianlumber.com/decking/tropical-hardwood/piquia/
NJ;product_cat;https://brazilianlumbernewyork.com/product-category/artificial-grass/;https://brazilianlumber.com/landscaping/artificial-turf/
NJ;product_cat;https://brazilianlumbernewyork.com/product-category/ash/;https://brazilianlumber.com/lumber/domestic-hardwood/
NJ;product_cat;https://brazilianlumbernewyork.com/product-category/ayous/;https://brazilianlumber.com/decking/thermally-modified/ayous/
NJ;product_cat;https://brazilianlumbernewyork.com/product-category/battens-and-louvers/;https://brazilianlumber.com/cladding-siding/battens-louvers/
NJ;product_cat;https://brazilianlumbernewyork.com/product-category/california-redwood/;https://brazilianlumber.com/lumber/softwood/
NJ;product_cat;https://brazilianlumbernewyork.com/product-category/cedar/;https://brazilianlumber.com/lumber/softwood/
NJ;product_cat;https://brazilianlumbernewyork.com/product-category/cladding/;https://brazilianlumber.com/cladding-siding/
NJ;product_cat;https://brazilianlumbernewyork.com/product-category/composite-cladding/;https://brazilianlumber.com/cladding-siding/composite/
NJ;product_cat;https://brazilianlumbernewyork.com/product-category/composite-decking/;https://brazilianlumber.com/decking/composite/
NJ;product_cat;https://brazilianlumbernewyork.com/product-category/cumaru-deck-tiles/;https://brazilianlumber.com/decking/deck-tiles/
NJ;product_cat;https://brazilianlumbernewyork.com/product-category/cumaru-wood-wall-panels/;https://brazilianlumber.com/cladding-siding/wood-wall-panels/
NJ;product_cat;https://brazilianlumbernewyork.com/product-category/cumaru/;https://brazilianlumber.com/decking/tropical-hardwood/cumaru/
NJ;product_cat;https://brazilianlumbernewyork.com/product-category/cypress/;https://brazilianlumber.com/lumber/softwood/
NJ;product_cat;https://brazilianlumbernewyork.com/product-category/deck-tiles/;https://brazilianlumber.com/decking/deck-tiles/
NJ;product_cat;https://brazilianlumbernewyork.com/product-category/decking-accessories/;https://brazilianlumber.com/accessories/
NJ;product_cat;https://brazilianlumbernewyork.com/product-category/decking/;https://brazilianlumber.com/decking/
NJ;product_cat;https://brazilianlumbernewyork.com/product-category/deckotech/;https://brazilianlumber.com/decking/composite/deckotech/
NJ;product_cat;https://brazilianlumbernewyork.com/product-category/deckotech/deckotech-battens-and-louvers/;https://brazilianlumber.com/cladding-siding/battens-louvers/
NJ;product_cat;https://brazilianlumbernewyork.com/product-category/deckotech/deckotech-cladding/;https://brazilianlumber.com/cladding-siding/composite/
NJ;product_cat;https://brazilianlumbernewyork.com/product-category/deckotech/deckotech-decking/;https://brazilianlumber.com/decking/composite/deckotech/
NJ;product_cat;https://brazilianlumbernewyork.com/product-category/deckotech/deckotech-fences-gates/;https://brazilianlumber.com/fencing-gates/composite/
NJ;product_cat;https://brazilianlumbernewyork.com/product-category/deckotech/terra-collection/;https://brazilianlumber.com/decking/composite/deckotech/
NJ;product_cat;https://brazilianlumbernewyork.com/product-category/douglas-fir/;https://brazilianlumber.com/lumber/softwood/
NJ;product_cat;https://brazilianlumbernewyork.com/product-category/fences-and-gates/;https://brazilianlumber.com/fencing-gates/
NJ;product_cat;https://brazilianlumbernewyork.com/product-category/garapa-wood-wall-panels/;https://brazilianlumber.com/cladding-siding/wood-wall-panels/
NJ;product_cat;https://brazilianlumbernewyork.com/product-category/garapa/;https://brazilianlumber.com/decking/tropical-hardwood/garapa/
NJ;product_cat;https://brazilianlumbernewyork.com/product-category/grid-cladding/;https://brazilianlumber.com/cladding-siding/composite/
NJ;product_cat;https://brazilianlumbernewyork.com/product-category/hot-deals/;https://brazilianlumber.com/shop/
NJ;product_cat;https://brazilianlumbernewyork.com/product-category/ipe-wood-wall-panels/;https://brazilianlumber.com/cladding-siding/wood-wall-panels/
NJ;product_cat;https://brazilianlumbernewyork.com/product-category/ipe-wood/;https://brazilianlumber.com/decking/tropical-hardwood/ipe/
NJ;product_cat;https://brazilianlumbernewyork.com/product-category/jatoba-wood-wall-panels/;https://brazilianlumber.com/cladding-siding/wood-wall-panels/
NJ;product_cat;https://brazilianlumbernewyork.com/product-category/jatoba/;https://brazilianlumber.com/decking/tropical-hardwood/jatoba/
NJ;product_cat;https://brazilianlumbernewyork.com/product-category/live-edge-slabs/;https://brazilianlumber.com/slabs/
NJ;product_cat;https://brazilianlumbernewyork.com/product-category/mahogany-wood/;https://brazilianlumber.com/lumber/domestic-hardwood/
NJ;product_cat;https://brazilianlumbernewyork.com/product-category/maple-wood/;https://brazilianlumber.com/lumber/domestic-hardwood/
NJ;product_cat;https://brazilianlumbernewyork.com/product-category/massaranduba-wood/;https://brazilianlumber.com/decking/tropical-hardwood/massaranduba/
NJ;product_cat;https://brazilianlumbernewyork.com/product-category/oak/;https://brazilianlumber.com/lumber/domestic-hardwood/
NJ;product_cat;https://brazilianlumbernewyork.com/product-category/pine/;https://brazilianlumber.com/lumber/softwood/
NJ;product_cat;https://brazilianlumbernewyork.com/product-category/piquia/;https://brazilianlumber.com/decking/tropical-hardwood/piquia/
NJ;product_cat;https://brazilianlumbernewyork.com/product-category/poplar-wood-wall-panels/;https://brazilianlumber.com/cladding-siding/wood-wall-panels/
NJ;product_cat;https://brazilianlumbernewyork.com/product-category/red-oak-wood-wall-panels/;https://brazilianlumber.com/cladding-siding/wood-wall-panels/
NJ;product_cat;https://brazilianlumbernewyork.com/product-category/santos-mahogany-wood/;https://brazilianlumber.com/lumber/domestic-hardwood/
NJ;product_cat;https://brazilianlumbernewyork.com/product-category/sapele/;https://brazilianlumber.com/lumber/domestic-hardwood/
NJ;product_cat;https://brazilianlumbernewyork.com/product-category/spruce/;https://brazilianlumber.com/lumber/softwood/
NJ;product_cat;https://brazilianlumbernewyork.com/product-category/stairboard/;https://brazilianlumber.com/decking/composite/deckotech/
NJ;product_cat;https://brazilianlumbernewyork.com/product-category/teak-wood/;https://brazilianlumber.com/lumber/domestic-hardwood/
NJ;product_cat;https://brazilianlumbernewyork.com/product-category/thermally-treated-wood/;https://brazilianlumber.com/decking/thermally-modified/
NJ;product_cat;https://brazilianlumbernewyork.com/product-category/tigerwood/;https://brazilianlumber.com/decking/tropical-hardwood/tigerwood/
NJ;product_cat;https://brazilianlumbernewyork.com/product-category/tropical-hardwood/;https://brazilianlumber.com/decking/tropical-hardwood/
NJ;product_cat;https://brazilianlumbernewyork.com/product-category/uncategorized/;https://brazilianlumber.com/shop/
NJ;product_cat;https://brazilianlumbernewyork.com/product-category/walnut-wood-wall-panels/;https://brazilianlumber.com/cladding-siding/wood-wall-panels/
NJ;product_cat;https://brazilianlumbernewyork.com/product-category/walnut-wood/;https://brazilianlumber.com/lumber/domestic-hardwood/
NJ;product_cat;https://brazilianlumbernewyork.com/product-category/water-wood-sealer/;https://brazilianlumber.com/accessories/finishes-sealers/
NJ;product_cat;https://brazilianlumbernewyork.com/product-category/white-oak-wood-wall-panels/;https://brazilianlumber.com/cladding-siding/wood-wall-panels/
NJ;product_cat;https://brazilianlumbernewyork.com/product-category/wood-sealer/;https://brazilianlumber.com/accessories/finishes-sealers/
NJ;product_cat;https://brazilianlumbernewyork.com/product-category/wood-wall-panels/;https://brazilianlumber.com/cladding-siding/wood-wall-panels/
NJ;product_cat;https://brazilianlumbernewyork.com/product-category/yellow-pine/;https://brazilianlumber.com/lumber/softwood/
NJ;product_tag;https://brazilianlumbernewyork.com/product-tag/1x10/;https://brazilianlumber.com/decking/tropical-hardwood/ipe/
NJ;product_tag;https://brazilianlumbernewyork.com/product-tag/1x12/;https://brazilianlumber.com/decking/tropical-hardwood/ipe/
NJ;product_tag;https://brazilianlumbernewyork.com/product-tag/1x3/;https://brazilianlumber.com/shop/
NJ;product_tag;https://brazilianlumbernewyork.com/product-tag/1x4/;https://brazilianlumber.com/decking/tropical-hardwood/
NJ;product_tag;https://brazilianlumbernewyork.com/product-tag/1x6/;https://brazilianlumber.com/decking/tropical-hardwood/
NJ;product_tag;https://brazilianlumbernewyork.com/product-tag/1x8/;https://brazilianlumber.com/decking/tropical-hardwood/ipe/
NJ;product_tag;https://brazilianlumbernewyork.com/product-tag/2x12/;https://brazilianlumber.com/lumber/tropical-hardwood/
NJ;product_tag;https://brazilianlumbernewyork.com/product-tag/2x2/;https://brazilianlumber.com/lumber/tropical-hardwood/
NJ;product_tag;https://brazilianlumbernewyork.com/product-tag/2x4/;https://brazilianlumber.com/lumber/tropical-hardwood/
NJ;product_tag;https://brazilianlumbernewyork.com/product-tag/2x6/;https://brazilianlumber.com/lumber/tropical-hardwood/
NJ;product_tag;https://brazilianlumbernewyork.com/product-tag/2x8/;https://brazilianlumber.com/lumber/tropical-hardwood/
NJ;product_tag;https://brazilianlumbernewyork.com/product-tag/3-8-plugs/;https://brazilianlumber.com/accessories/fasteners/
NJ;product_tag;https://brazilianlumbernewyork.com/product-tag/3x10/;https://brazilianlumber.com/decking/tropical-hardwood/ipe/
NJ;product_tag;https://brazilianlumbernewyork.com/product-tag/3x12/;https://brazilianlumber.com/decking/tropical-hardwood/ipe/
NJ;product_tag;https://brazilianlumbernewyork.com/product-tag/3x8/;https://brazilianlumber.com/decking/tropical-hardwood/ipe/
NJ;product_tag;https://brazilianlumbernewyork.com/product-tag/4x10/;https://brazilianlumber.com/lumber/tropical-hardwood/
NJ;product_tag;https://brazilianlumbernewyork.com/product-tag/4x12/;https://brazilianlumber.com/lumber/tropical-hardwood/
NJ;product_tag;https://brazilianlumbernewyork.com/product-tag/4x4/;https://brazilianlumber.com/lumber/tropical-hardwood/
NJ;product_tag;https://brazilianlumbernewyork.com/product-tag/4x6/;https://brazilianlumber.com/lumber/tropical-hardwood/
NJ;product_tag;https://brazilianlumbernewyork.com/product-tag/4x8/;https://brazilianlumber.com/lumber/tropical-hardwood/
NJ;product_tag;https://brazilianlumbernewyork.com/product-tag/5-4x10/;https://brazilianlumber.com/decking/tropical-hardwood/cumaru/
NJ;product_tag;https://brazilianlumbernewyork.com/product-tag/5-4x12-hardwood/;https://brazilianlumber.com/decking/tropical-hardwood/ipe/
NJ;product_tag;https://brazilianlumbernewyork.com/product-tag/5-4x8-hardwood/;https://brazilianlumber.com/decking/tropical-hardwood/ipe/
NJ;product_tag;https://brazilianlumbernewyork.com/product-tag/6x6-hardwood/;https://brazilianlumber.com/lumber/tropical-hardwood/
NJ;product_tag;https://brazilianlumbernewyork.com/product-tag/alternative-to-california-redwood/;https://brazilianlumber.com/shop/
NJ;product_tag;https://brazilianlumbernewyork.com/product-tag/alternative-to-ipe/;https://brazilianlumber.com/lumber/tropical-hardwood/
NJ;product_tag;https://brazilianlumbernewyork.com/product-tag/aluminum-battens-solara/;https://brazilianlumber.com/cladding-siding/battens-louvers/
NJ;product_tag;https://brazilianlumbernewyork.com/product-tag/amazon-wood/;https://brazilianlumber.com/lumber/tropical-hardwood/
NJ;product_tag;https://brazilianlumbernewyork.com/product-tag/and-anti-rot/;https://brazilianlumber.com/lumber/tropical-hardwood/
NJ;product_tag;https://brazilianlumbernewyork.com/product-tag/anti-fungal-decay/;https://brazilianlumber.com/lumber/tropical-hardwood/
NJ;product_tag;https://brazilianlumbernewyork.com/product-tag/anti-termites/;https://brazilianlumber.com/lumber/tropical-hardwood/
NJ;product_tag;https://brazilianlumbernewyork.com/product-tag/balusters/;https://brazilianlumber.com/shop/
NJ;product_tag;https://brazilianlumbernewyork.com/product-tag/beam/;https://brazilianlumber.com/shop/
NJ;product_tag;https://brazilianlumbernewyork.com/product-tag/beams/;https://brazilianlumber.com/shop/
NJ;product_tag;https://brazilianlumbernewyork.com/product-tag/best-price/;https://brazilianlumber.com/shop/
NJ;product_tag;https://brazilianlumbernewyork.com/product-tag/best-prices/;https://brazilianlumber.com/shop/
NJ;product_tag;https://brazilianlumbernewyork.com/product-tag/best/;https://brazilianlumber.com/decking/
NJ;product_tag;https://brazilianlumbernewyork.com/product-tag/brazilian-hardwood/;https://brazilianlumber.com/shop/
NJ;product_tag;https://brazilianlumbernewyork.com/product-tag/brazilian-walnut/;https://brazilianlumber.com/decking/tropical-hardwood/ipe/
NJ;product_tag;https://brazilianlumbernewyork.com/product-tag/brazilian-wood/;https://brazilianlumber.com/lumber/tropical-hardwood/
NJ;product_tag;https://brazilianlumbernewyork.com/product-tag/brigdes/;https://brazilianlumber.com/lumber/tropical-hardwood/
NJ;product_tag;https://brazilianlumbernewyork.com/product-tag/buffalo/;https://brazilianlumber.com/shop/
NJ;product_tag;https://brazilianlumbernewyork.com/product-tag/building/;https://brazilianlumber.com/shop/
NJ;product_tag;https://brazilianlumbernewyork.com/product-tag/calibamboo/;https://brazilianlumber.com/decking/bamboo/
NJ;product_tag;https://brazilianlumbernewyork.com/product-tag/carpentry/;https://brazilianlumber.com/shop/
NJ;product_tag;https://brazilianlumbernewyork.com/product-tag/cheapest-material/;https://brazilianlumber.com/shop/
NJ;product_tag;https://brazilianlumbernewyork.com/product-tag/cladding/;https://brazilianlumber.com/shop/
NJ;product_tag;https://brazilianlumbernewyork.com/product-tag/combo-maintenance/;https://brazilianlumber.com/accessories/maintenance/
NJ;product_tag;https://brazilianlumbernewyork.com/product-tag/commercial-project/;https://brazilianlumber.com/decking/tropical-hardwood/cumaru/
NJ;product_tag;https://brazilianlumbernewyork.com/product-tag/composite-cladding/;https://brazilianlumber.com/shop/
NJ;product_tag;https://brazilianlumbernewyork.com/product-tag/composite-decking/;https://brazilianlumber.com/decking/bamboo/
NJ;product_tag;https://brazilianlumbernewyork.com/product-tag/composite-wood-decking/;https://brazilianlumber.com/decking/bamboo/
NJ;product_tag;https://brazilianlumbernewyork.com/product-tag/contractor-bucket/;https://brazilianlumber.com/accessories/fasteners/
NJ;product_tag;https://brazilianlumbernewyork.com/product-tag/contractor-buckets/;https://brazilianlumber.com/accessories/fasteners/
NJ;product_tag;https://brazilianlumbernewyork.com/product-tag/cool-diamond/;https://brazilianlumber.com/shop/
NJ;product_tag;https://brazilianlumbernewyork.com/product-tag/cool-surface/;https://brazilianlumber.com/shop/
NJ;product_tag;https://brazilianlumbernewyork.com/product-tag/corner-grid-cladding/;https://brazilianlumber.com/cladding-siding/composite/
NJ;product_tag;https://brazilianlumbernewyork.com/product-tag/cumaru-beams-and-pergola/;https://brazilianlumber.com/shop/
NJ;product_tag;https://brazilianlumbernewyork.com/product-tag/cumaru/;https://brazilianlumber.com/shop/
NJ;product_tag;https://brazilianlumbernewyork.com/product-tag/deck-and-wood-brightener-part-2/;https://brazilianlumber.com/accessories/
NJ;product_tag;https://brazilianlumbernewyork.com/product-tag/deck-and-wood-cleaner-part-1/;https://brazilianlumber.com/accessories/maintenance/
NJ;product_tag;https://brazilianlumbernewyork.com/product-tag/deck-decking-deckwise/;https://brazilianlumber.com/accessories/fasteners/
NJ;product_tag;https://brazilianlumbernewyork.com/product-tag/deck-flashing/;https://brazilianlumber.com/accessories/substructure/
NJ;product_tag;https://brazilianlumbernewyork.com/product-tag/deck-hardware/;https://brazilianlumber.com/accessories/finishes-sealers/
NJ;product_tag;https://brazilianlumbernewyork.com/product-tag/deck-joist-tape/;https://brazilianlumber.com/accessories/substructure/
NJ;product_tag;https://brazilianlumbernewyork.com/product-tag/deck-joists/;https://brazilianlumber.com/accessories/substructure/
NJ;product_tag;https://brazilianlumbernewyork.com/product-tag/deck-maintenance-2/;https://brazilianlumber.com/shop/
NJ;product_tag;https://brazilianlumbernewyork.com/product-tag/deck-maintenance-kit/;https://brazilianlumber.com/shop/
NJ;product_tag;https://brazilianlumbernewyork.com/product-tag/deck-maintenance/;https://brazilianlumber.com/accessories/
NJ;product_tag;https://brazilianlumbernewyork.com/product-tag/deck-posts/;https://brazilianlumber.com/accessories/substructure/
NJ;product_tag;https://brazilianlumbernewyork.com/product-tag/deck-wise/;https://brazilianlumber.com/accessories/
NJ;product_tag;https://brazilianlumbernewyork.com/product-tag/deck/;https://brazilianlumber.com/shop/
NJ;product_tag;https://brazilianlumbernewyork.com/product-tag/decking-materials/;https://brazilianlumber.com/shop/
NJ;product_tag;https://brazilianlumbernewyork.com/product-tag/decking/;https://brazilianlumber.com/shop/
NJ;product_tag;https://brazilianlumbernewyork.com/product-tag/deckotech/;https://brazilianlumber.com/shop/
NJ;product_tag;https://brazilianlumbernewyork.com/product-tag/decks/;https://brazilianlumber.com/lumber/tropical-hardwood/
NJ;product_tag;https://brazilianlumbernewyork.com/product-tag/deckwise/;https://brazilianlumber.com/accessories/
NJ;product_tag;https://brazilianlumbernewyork.com/product-tag/deckwisea%c2%a8/;https://brazilianlumber.com/shop/
NJ;product_tag;https://brazilianlumbernewyork.com/product-tag/dock/;https://brazilianlumber.com/shop/
NJ;product_tag;https://brazilianlumbernewyork.com/product-tag/drill-and-drive-kit/;https://brazilianlumber.com/accessories/fasteners/
NJ;product_tag;https://brazilianlumbernewyork.com/product-tag/durable-in-ground-contact/;https://brazilianlumber.com/lumber/tropical-hardwood/
NJ;product_tag;https://brazilianlumbernewyork.com/product-tag/eco-friendly-decking/;https://brazilianlumber.com/decking/bamboo/
NJ;product_tag;https://brazilianlumbernewyork.com/product-tag/emerald-putt/;https://brazilianlumber.com/shop/
NJ;product_tag;https://brazilianlumbernewyork.com/product-tag/exotic-hardwood/;https://brazilianlumber.com/shop/
NJ;product_tag;https://brazilianlumbernewyork.com/product-tag/exotic-wood/;https://brazilianlumber.com/shop/
NJ;product_tag;https://brazilianlumbernewyork.com/product-tag/exterior-construction/;https://brazilianlumber.com/lumber/tropical-hardwood/
NJ;product_tag;https://brazilianlumbernewyork.com/product-tag/exterior/;https://brazilianlumber.com/shop/
NJ;product_tag;https://brazilianlumbernewyork.com/product-tag/exteriors/;https://brazilianlumber.com/shop/
NJ;product_tag;https://brazilianlumbernewyork.com/product-tag/fake-wood/;https://brazilianlumber.com/decking/bamboo/
NJ;product_tag;https://brazilianlumbernewyork.com/product-tag/fascia-boards-in-ipe-1x12/;https://brazilianlumber.com/decking/tropical-hardwood/ipe/
NJ;product_tag;https://brazilianlumbernewyork.com/product-tag/fascia-boards-in-ipe-1x8/;https://brazilianlumber.com/decking/tropical-hardwood/ipe/
NJ;product_tag;https://brazilianlumbernewyork.com/product-tag/fasteners/;https://brazilianlumber.com/accessories/fasteners/
NJ;product_tag;https://brazilianlumbernewyork.com/product-tag/fence/;https://brazilianlumber.com/shop/
NJ;product_tag;https://brazilianlumbernewyork.com/product-tag/finishing-trim-terra/;https://brazilianlumber.com/decking/composite/deckotech/
NJ;product_tag;https://brazilianlumbernewyork.com/product-tag/forest-stewardsip-council-certified/;https://brazilianlumber.com/shop/
NJ;product_tag;https://brazilianlumbernewyork.com/product-tag/garapa/;https://brazilianlumber.com/shop/
NJ;product_tag;https://brazilianlumbernewyork.com/product-tag/gorilla-glue/;https://brazilianlumber.com/accessories/fasteners/
NJ;product_tag;https://brazilianlumbernewyork.com/product-tag/grand-grid-cladding/;https://brazilianlumber.com/cladding-siding/composite/
NJ;product_tag;https://brazilianlumbernewyork.com/product-tag/green-heaven/;https://brazilianlumber.com/shop/
NJ;product_tag;https://brazilianlumbernewyork.com/product-tag/green-options/;https://brazilianlumber.com/shop/
NJ;product_tag;https://brazilianlumbernewyork.com/product-tag/grid-cladding-terra/;https://brazilianlumber.com/cladding-siding/composite/
NJ;product_tag;https://brazilianlumbernewyork.com/product-tag/grid-cladding/;https://brazilianlumber.com/cladding-siding/composite/
NJ;product_tag;https://brazilianlumbernewyork.com/product-tag/grid-strong-double-gate/;https://brazilianlumber.com/fencing-gates/gates/
NJ;product_tag;https://brazilianlumbernewyork.com/product-tag/grid-strong-fence-set/;https://brazilianlumber.com/fencing-gates/composite/
NJ;product_tag;https://brazilianlumbernewyork.com/product-tag/grooved-two-sides/;https://brazilianlumber.com/decking/composite/deckotech/
NJ;product_tag;https://brazilianlumbernewyork.com/product-tag/hardwood-deck/;https://brazilianlumber.com/accessories/finishes-sealers/
NJ;product_tag;https://brazilianlumbernewyork.com/product-tag/hardwood-end-grain-sealer/;https://brazilianlumber.com/accessories/finishes-sealers/
NJ;product_tag;https://brazilianlumbernewyork.com/product-tag/hardwood/;https://brazilianlumber.com/shop/
NJ;product_tag;https://brazilianlumbernewyork.com/product-tag/hidden-deck-fasteners/;https://brazilianlumber.com/accessories/fasteners/
NJ;product_tag;https://brazilianlumbernewyork.com/product-tag/hidden-siding-fasteners/;https://brazilianlumber.com/accessories/fasteners/
NJ;product_tag;https://brazilianlumbernewyork.com/product-tag/high-bending-strength/;https://brazilianlumber.com/shop/
NJ;product_tag;https://brazilianlumbernewyork.com/product-tag/home-project/;https://brazilianlumber.com/decking/tropical-hardwood/cumaru/
NJ;product_tag;https://brazilianlumbernewyork.com/product-tag/hot-deals/;https://brazilianlumber.com/shop/
NJ;product_tag;https://brazilianlumbernewyork.com/product-tag/imported-hardwood/;https://brazilianlumber.com/decking/tropical-hardwood/
NJ;product_tag;https://brazilianlumbernewyork.com/product-tag/interior-design/;https://brazilianlumber.com/shop/
NJ;product_tag;https://brazilianlumbernewyork.com/product-tag/interlocked-grain/;https://brazilianlumber.com/lumber/tropical-hardwood/
NJ;product_tag;https://brazilianlumbernewyork.com/product-tag/ipe-5-4x10/;https://brazilianlumber.com/decking/tropical-hardwood/ipe/
NJ;product_tag;https://brazilianlumbernewyork.com/product-tag/ipe-beams-and-pergola/;https://brazilianlumber.com/lumber/tropical-hardwood/
NJ;product_tag;https://brazilianlumbernewyork.com/product-tag/ipe-cladding/;https://brazilianlumber.com/decking/tropical-hardwood/ipe/
NJ;product_tag;https://brazilianlumbernewyork.com/product-tag/ipe-clip/;https://brazilianlumber.com/accessories/fasteners/
NJ;product_tag;https://brazilianlumbernewyork.com/product-tag/ipe-clips/;https://brazilianlumber.com/accessories/fasteners/
NJ;product_tag;https://brazilianlumbernewyork.com/product-tag/ipe-deck-installation/;https://brazilianlumber.com/accessories/fasteners/
NJ;product_tag;https://brazilianlumbernewyork.com/product-tag/ipe-decks/;https://brazilianlumber.com/shop/
NJ;product_tag;https://brazilianlumbernewyork.com/product-tag/ipe-docks/;https://brazilianlumber.com/shop/
NJ;product_tag;https://brazilianlumbernewyork.com/product-tag/ipe-fence/;https://brazilianlumber.com/shop/
NJ;product_tag;https://brazilianlumbernewyork.com/product-tag/ipe-oil/;https://brazilianlumber.com/accessories/finishes-sealers/
NJ;product_tag;https://brazilianlumbernewyork.com/product-tag/ipe-plugs/;https://brazilianlumber.com/accessories/fasteners/
NJ;product_tag;https://brazilianlumbernewyork.com/product-tag/ipe-seal/;https://brazilianlumber.com/accessories/finishes-sealers/
NJ;product_tag;https://brazilianlumbernewyork.com/product-tag/ipe-wood-plugs/;https://brazilianlumber.com/accessories/fasteners/
NJ;product_tag;https://brazilianlumbernewyork.com/product-tag/ipe-wood/;https://brazilianlumber.com/cladding-siding/wood-wall-panels/
NJ;product_tag;https://brazilianlumbernewyork.com/product-tag/ipe/;https://brazilianlumber.com/shop/
NJ;product_tag;https://brazilianlumbernewyork.com/product-tag/iron-wood/;https://brazilianlumber.com/shop/
NJ;product_tag;https://brazilianlumbernewyork.com/product-tag/ironwood/;https://brazilianlumber.com/shop/
NJ;product_tag;https://brazilianlumbernewyork.com/product-tag/ivy/;https://brazilianlumber.com/landscaping/artificial-ivy/
NJ;product_tag;https://brazilianlumbernewyork.com/product-tag/jatoba/;https://brazilianlumber.com/cladding-siding/wood-wall-panels/
NJ;product_tag;https://brazilianlumbernewyork.com/product-tag/jetties/;https://brazilianlumber.com/lumber/tropical-hardwood/
NJ;product_tag;https://brazilianlumbernewyork.com/product-tag/joist-tape/;https://brazilianlumber.com/accessories/substructure/
NJ;product_tag;https://brazilianlumbernewyork.com/product-tag/k9-lush/;https://brazilianlumber.com/shop/
NJ;product_tag;https://brazilianlumbernewyork.com/product-tag/landscaping/;https://brazilianlumber.com/lumber/tropical-hardwood/
NJ;product_tag;https://brazilianlumbernewyork.com/product-tag/ledger-boards/;https://brazilianlumber.com/accessories/substructure/
NJ;product_tag;https://brazilianlumbernewyork.com/product-tag/ledger-tape/;https://brazilianlumber.com/accessories/substructure/
NJ;product_tag;https://brazilianlumbernewyork.com/product-tag/legally-harvested-wood/;https://brazilianlumber.com/shop/
NJ;product_tag;https://brazilianlumbernewyork.com/product-tag/low-maintenance-materials/;https://brazilianlumber.com/shop/
NJ;product_tag;https://brazilianlumbernewyork.com/product-tag/lumber/;https://brazilianlumber.com/shop/
NJ;product_tag;https://brazilianlumbernewyork.com/product-tag/massaranduba/;https://brazilianlumber.com/shop/
NJ;product_tag;https://brazilianlumbernewyork.com/product-tag/massranduba/;https://brazilianlumber.com/lumber/tropical-hardwood/
NJ;product_tag;https://brazilianlumbernewyork.com/product-tag/no-cracks/;https://brazilianlumber.com/shop/
NJ;product_tag;https://brazilianlumbernewyork.com/product-tag/no-splinters/;https://brazilianlumber.com/shop/
NJ;product_tag;https://brazilianlumbernewyork.com/product-tag/norx-decking/;https://brazilianlumber.com/shop/
NJ;product_tag;https://brazilianlumbernewyork.com/product-tag/oak/;https://brazilianlumber.com/cladding-siding/wood-wall-panels/
NJ;product_tag;https://brazilianlumbernewyork.com/product-tag/outdoor-construction/;https://brazilianlumber.com/lumber/tropical-hardwood/
NJ;product_tag;https://brazilianlumbernewyork.com/product-tag/outdoor-living/;https://brazilianlumber.com/shop/
NJ;product_tag;https://brazilianlumbernewyork.com/product-tag/outdoor-projects/;https://brazilianlumber.com/lumber/tropical-hardwood/
NJ;product_tag;https://brazilianlumbernewyork.com/product-tag/outdoor/;https://brazilianlumber.com/shop/
NJ;product_tag;https://brazilianlumbernewyork.com/product-tag/performs-under-heavey-load/;https://brazilianlumber.com/shop/
NJ;product_tag;https://brazilianlumbernewyork.com/product-tag/pergola/;https://brazilianlumber.com/shop/
NJ;product_tag;https://brazilianlumbernewyork.com/product-tag/pine/;https://brazilianlumber.com/shop/
NJ;product_tag;https://brazilianlumbernewyork.com/product-tag/piquia/;https://brazilianlumber.com/shop/
NJ;product_tag;https://brazilianlumbernewyork.com/product-tag/planter-boxes/;https://brazilianlumber.com/lumber/tropical-hardwood/
NJ;product_tag;https://brazilianlumbernewyork.com/product-tag/plastic-decking/;https://brazilianlumber.com/decking/bamboo/
NJ;product_tag;https://brazilianlumbernewyork.com/product-tag/play-structures/;https://brazilianlumber.com/lumber/tropical-hardwood/
NJ;product_tag;https://brazilianlumbernewyork.com/product-tag/plugs/;https://brazilianlumber.com/accessories/fasteners/
NJ;product_tag;https://brazilianlumbernewyork.com/product-tag/poles/;https://brazilianlumber.com/lumber/tropical-hardwood/
NJ;product_tag;https://brazilianlumbernewyork.com/product-tag/poplar/;https://brazilianlumber.com/cladding-siding/wood-wall-panels/
NJ;product_tag;https://brazilianlumbernewyork.com/product-tag/post-railing-pergola-beam/;https://brazilianlumber.com/shop/
NJ;product_tag;https://brazilianlumbernewyork.com/product-tag/prestige-grooved/;https://brazilianlumber.com/decking/composite/deckotech/
NJ;product_tag;https://brazilianlumbernewyork.com/product-tag/prestige/;https://brazilianlumber.com/shop/
NJ;product_tag;https://brazilianlumbernewyork.com/product-tag/prime/;https://brazilianlumber.com/shop/
NJ;product_tag;https://brazilianlumbernewyork.com/product-tag/pvc-decking/;https://brazilianlumber.com/decking/bamboo/
NJ;product_tag;https://brazilianlumbernewyork.com/product-tag/rafters/;https://brazilianlumber.com/shop/
NJ;product_tag;https://brazilianlumbernewyork.com/product-tag/railing/;https://brazilianlumber.com/shop/
NJ;product_tag;https://brazilianlumbernewyork.com/product-tag/red-colored-wood/;https://brazilianlumber.com/shop/
NJ;product_tag;https://brazilianlumbernewyork.com/product-tag/red-oak/;https://brazilianlumber.com/cladding-siding/wood-wall-panels/
NJ;product_tag;https://brazilianlumbernewyork.com/product-tag/remodeling/;https://brazilianlumber.com/shop/
NJ;product_tag;https://brazilianlumbernewyork.com/product-tag/robust-wood-for-skirting-fascia/;https://brazilianlumber.com/decking/tropical-hardwood/cumaru/
NJ;product_tag;https://brazilianlumbernewyork.com/product-tag/royal-turf/;https://brazilianlumber.com/landscaping/artificial-turf/
NJ;product_tag;https://brazilianlumbernewyork.com/product-tag/royal/;https://brazilianlumber.com/landscaping/artificial-turf/
NJ;product_tag;https://brazilianlumbernewyork.com/product-tag/screw-hole-plugs/;https://brazilianlumber.com/accessories/fasteners/
NJ;product_tag;https://brazilianlumbernewyork.com/product-tag/sheetpiling/;https://brazilianlumber.com/lumber/tropical-hardwood/
NJ;product_tag;https://brazilianlumbernewyork.com/product-tag/shiplap-cladding/;https://brazilianlumber.com/cladding-siding/composite/
NJ;product_tag;https://brazilianlumbernewyork.com/product-tag/shiplap-corner-piece-terra/;https://brazilianlumber.com/cladding-siding/composite/
NJ;product_tag;https://brazilianlumbernewyork.com/product-tag/siding/;https://brazilianlumber.com/shop/
NJ;product_tag;https://brazilianlumbernewyork.com/product-tag/silent-haven-fencing/;https://brazilianlumber.com/fencing-gates/composite/
NJ;product_tag;https://brazilianlumbernewyork.com/product-tag/silver-feather/;https://brazilianlumber.com/shop/
NJ;product_tag;https://brazilianlumbernewyork.com/product-tag/smooth-shield-double-gate/;https://brazilianlumber.com/decking/composite/deckotech/
NJ;product_tag;https://brazilianlumbernewyork.com/product-tag/smooth-shield-fence-set/;https://brazilianlumber.com/decking/composite/deckotech/
NJ;product_tag;https://brazilianlumbernewyork.com/product-tag/smooth-shield-single-gate/;https://brazilianlumber.com/decking/composite/deckotech/
NJ;product_tag;https://brazilianlumbernewyork.com/product-tag/solara/;https://brazilianlumber.com/cladding-siding/
NJ;product_tag;https://brazilianlumbernewyork.com/product-tag/square-decking-terra/;https://brazilianlumber.com/decking/composite/deckotech/
NJ;product_tag;https://brazilianlumbernewyork.com/product-tag/stairboard/;https://brazilianlumber.com/decking/composite/deckotech/
NJ;product_tag;https://brazilianlumbernewyork.com/product-tag/stripy-patterned-wood/;https://brazilianlumber.com/lumber/tropical-hardwood/
NJ;product_tag;https://brazilianlumbernewyork.com/product-tag/structural-wood/;https://brazilianlumber.com/lumber/tropical-hardwood/
NJ;product_tag;https://brazilianlumbernewyork.com/product-tag/sustainable-tropical-wood/;https://brazilianlumber.com/shop/
NJ;product_tag;https://brazilianlumbernewyork.com/product-tag/tape/;https://brazilianlumber.com/accessories/substructure/
NJ;product_tag;https://brazilianlumbernewyork.com/product-tag/terra-essence/;https://brazilianlumber.com/decking/composite/deckotech/
NJ;product_tag;https://brazilianlumbernewyork.com/product-tag/terra/;https://brazilianlumber.com/shop/
NJ;product_tag;https://brazilianlumbernewyork.com/product-tag/thermally-treated-wood/;https://brazilianlumber.com/decking/thermally-modified/ayous/
NJ;product_tag;https://brazilianlumbernewyork.com/product-tag/tiger-wood/;https://brazilianlumber.com/decking/tropical-hardwood/tigerwood/
NJ;product_tag;https://brazilianlumbernewyork.com/product-tag/timber-2/;https://brazilianlumber.com/shop/
NJ;product_tag;https://brazilianlumbernewyork.com/product-tag/timber/;https://brazilianlumber.com/shop/
NJ;product_tag;https://brazilianlumbernewyork.com/product-tag/trex/;https://brazilianlumber.com/decking/composite/trex/
NJ;product_tag;https://brazilianlumbernewyork.com/product-tag/tropical-hardwood/;https://brazilianlumber.com/shop/
NJ;product_tag;https://brazilianlumbernewyork.com/product-tag/tropical-wood/;https://brazilianlumber.com/shop/
NJ;product_tag;https://brazilianlumbernewyork.com/product-tag/two-sides-decking/;https://brazilianlumber.com/decking/composite/deckotech/
NJ;product_tag;https://brazilianlumbernewyork.com/product-tag/velvet-red-wood/;https://brazilianlumber.com/shop/
NJ;product_tag;https://brazilianlumbernewyork.com/product-tag/vidar/;https://brazilianlumber.com/shop/
NJ;product_tag;https://brazilianlumbernewyork.com/product-tag/walnut/;https://brazilianlumber.com/cladding-siding/wood-wall-panels/
NJ;product_tag;https://brazilianlumbernewyork.com/product-tag/white-iron-wood/;https://brazilianlumber.com/lumber/tropical-hardwood/
NJ;product_tag;https://brazilianlumbernewyork.com/product-tag/white-oak-wood/;https://brazilianlumber.com/cladding-siding/wood-wall-panels/
NJ;product_tag;https://brazilianlumbernewyork.com/product-tag/wood-floor-plugs/;https://brazilianlumber.com/accessories/fasteners/
NJ;product_tag;https://brazilianlumbernewyork.com/product-tag/wood-plugs/;https://brazilianlumber.com/accessories/fasteners/
NJ;product_tag;https://brazilianlumbernewyork.com/product-tag/wood-wall-panels/;https://brazilianlumber.com/cladding-siding/wood-wall-panels/
NJ;product_tag;https://brazilianlumbernewyork.com/product-tag/wood-work/;https://brazilianlumber.com/shop/
NJ;product_tag;https://brazilianlumbernewyork.com/product-tag/wood/;https://brazilianlumber.com/shop/
NJ;product_tag;https://brazilianlumbernewyork.com/product-tag/yellow-grey-colored-wood/;https://brazilianlumber.com/lumber/tropical-hardwood/
NJ;product;https://brazilianlumbernewyork.com/product/ash-1x6/;https://brazilianlumber.com/product/ash-1x6/
NJ;product;https://brazilianlumbernewyork.com/product/ayous-1x6/;https://brazilianlumber.com/product/ayous-1x6/
NJ;product;https://brazilianlumbernewyork.com/product/ayous-2x2/;https://brazilianlumber.com/product/ayous-2x2/
NJ;product;https://brazilianlumbernewyork.com/product/brazilian-lumber-deck-tiles/;https://brazilianlumber.com/product/2x2-ipe-deck-tiles/
NJ;product;https://brazilianlumbernewyork.com/product/cumaru-1x4/;https://brazilianlumber.com/product/cumaru-1x4/
NJ;product;https://brazilianlumbernewyork.com/product/cumaru-1x6-extra/;https://brazilianlumber.com/product/cumaru-1x6-extra/
NJ;product;https://brazilianlumbernewyork.com/product/cumaru-1x6/;https://brazilianlumber.com/product/cumaru-1x6/
NJ;product;https://brazilianlumbernewyork.com/product/cumaru-hardwood-3x10/;https://brazilianlumber.com/product/cumaru-hardwood-3x10/
NJ;product;https://brazilianlumbernewyork.com/product/cumaru-hardwood-3x12/;https://brazilianlumber.com/product/cumaru-hardwood-3x12/
NJ;product;https://brazilianlumbernewyork.com/product/cumaru-hardwood-3x8/;https://brazilianlumber.com/product/cumaru-hardwood-3x8/
NJ;product;https://brazilianlumbernewyork.com/product/cumaru-hardwood-4x6/;https://brazilianlumber.com/product/cumaru-hardwood-4x6/
NJ;product;https://brazilianlumbernewyork.com/product/cumaru-hardwood-5-4x10-2/;https://brazilianlumber.com/product/cumaru-1x4/
NJ;product;https://brazilianlumbernewyork.com/product/cumaru-hardwood-5-4x10/;https://brazilianlumber.com/product/cumaru-wood-wall-panels-5-4x6/
NJ;product;https://brazilianlumbernewyork.com/product/cumaru-hardwood-5-4x12/;https://brazilianlumber.com/product/cumaru-hardwood-5-4x12/
NJ;product;https://brazilianlumbernewyork.com/product/cumaru-hardwood-5-4x4/;https://brazilianlumber.com/product/cumaru-tropical-hardwood-2x6/
NJ;product;https://brazilianlumbernewyork.com/product/cumaru-hardwood-5-4x6/;https://brazilianlumber.com/product/cumaru-hardwood-5-4x6/
NJ;product;https://brazilianlumbernewyork.com/product/cumaru-hardwood-5-4x8/;https://brazilianlumber.com/product/cumaru-hardwood-5-4x8/
NJ;product;https://brazilianlumbernewyork.com/product/cumaru-platinum-1x8/;https://brazilianlumber.com/product/cumaru-platinum-1x8/
NJ;product;https://brazilianlumbernewyork.com/product/cumaru-platinum-2x10/;https://brazilianlumber.com/product/cumaru-platinum-2x10/
NJ;product;https://brazilianlumbernewyork.com/product/cumaru-platinum-2x12/;https://brazilianlumber.com/product/cumaru-platinum-2x12/
NJ;product;https://brazilianlumbernewyork.com/product/cumaru-platinum-2x2/;https://brazilianlumber.com/product/cumaru-platinum-2x2/
NJ;product;https://brazilianlumbernewyork.com/product/cumaru-platinum-2x8/;https://brazilianlumber.com/product/cumaru-platinum-2x8/
NJ;product;https://brazilianlumbernewyork.com/product/cumaru-platinum-3x4/;https://brazilianlumber.com/product/cumaru-platinum-6x6/
NJ;product;https://brazilianlumbernewyork.com/product/cumaru-platinum-3x6/;https://brazilianlumber.com/product/cumaru-platinum-3x6/
NJ;product;https://brazilianlumbernewyork.com/product/cumaru-platinum-6x6/;https://brazilianlumber.com/product/cumaru-platinum-6x6/
NJ;product;https://brazilianlumbernewyork.com/product/cumaru-tropical-hardwood-1x2/;https://brazilianlumber.com/product/cumaru-tropical-hardwood-1x2/
NJ;product;https://brazilianlumbernewyork.com/product/cumaru-tropical-hardwood-1x3/;https://brazilianlumber.com/product/cumaru-tropical-hardwood-1x3/
NJ;product;https://brazilianlumbernewyork.com/product/cumaru-tropical-hardwood-2x4/;https://brazilianlumber.com/product/cumaru-tropical-hardwood-2x4/
NJ;product;https://brazilianlumbernewyork.com/product/cumaru-tropical-hardwood-2x6/;https://brazilianlumber.com/product/cumaru-tropical-hardwood-2x6/
NJ;product;https://brazilianlumbernewyork.com/product/cumaru-tropical-hardwood-4x12/;https://brazilianlumber.com/product/cumaru-tropical-hardwood-4x12/
NJ;product;https://brazilianlumbernewyork.com/product/cumaru-tropical-hardwood-4x16/;https://brazilianlumber.com/product/cumaru-tropical-hardwood-2x6/
NJ;product;https://brazilianlumbernewyork.com/product/cumaru-tropical-hardwood-4x4/;https://brazilianlumber.com/product/cumaru-tropical-hardwood-4x4/
NJ;product;https://brazilianlumbernewyork.com/product/cumaru-tropical-hardwood-4x6/;https://brazilianlumber.com/product/cumaru-tropical-hardwood-4x6/
NJ;product;https://brazilianlumbernewyork.com/product/cumaru-tropical-hardwood-4x8/;https://brazilianlumber.com/product/cumaru-tropical-hardwood-4x8/
NJ;product;https://brazilianlumbernewyork.com/product/cumaru-tropical-hardwood-6x8/;https://brazilianlumber.com/product/cumaru-tropical-hardwood-2x6/
NJ;product;https://brazilianlumbernewyork.com/product/cumaru-tropical-hardwood-8x12/;https://brazilianlumber.com/product/cumaru-tropical-hardwood-2x6/
NJ;product;https://brazilianlumbernewyork.com/product/cumaru-tropical-hardwood-8x8/;https://brazilianlumber.com/product/cumaru-tropical-hardwood-8x8/
NJ;product;https://brazilianlumbernewyork.com/product/cumaru-wood-wall-panels-5-4x6/;https://brazilianlumber.com/product/cumaru-wood-wall-panels-5-4x6/
NJ;product;https://brazilianlumbernewyork.com/product/deckwise-deck-tile-24x24x43mm-smooth/;https://brazilianlumber.com/product/deckwise-deck-tile-24x24x43mm-smooth/
NJ;product;https://brazilianlumbernewyork.com/product/easy-coat-water-based-wood-sealer/;https://brazilianlumber.com/product/easy-coat-water-based-wood-sealer/
NJ;product;https://brazilianlumbernewyork.com/product/garapa-wood-wall-panels-5-4x6/;https://brazilianlumber.com/product/garapa-wood-wall-panels-5-4x6/
NJ;product;https://brazilianlumbernewyork.com/product/ipe-1x10/;https://brazilianlumber.com/product/ipe-5-4x6/
NJ;product;https://brazilianlumbernewyork.com/product/ipe-1x12/;https://brazilianlumber.com/product/ipe-1x12-decking/
NJ;product;https://brazilianlumbernewyork.com/product/ipe-1x4/;https://brazilianlumber.com/product/ipe-1x4-standard/
NJ;product;https://brazilianlumbernewyork.com/product/ipe-1x6/;https://brazilianlumber.com/product/ipe-1x6/
NJ;product;https://brazilianlumbernewyork.com/product/ipe-1x8/;https://brazilianlumber.com/product/ipe-1x8/
NJ;product;https://brazilianlumbernewyork.com/product/ipe-2x10/;https://brazilianlumber.com/product/ipe-2x10/
NJ;product;https://brazilianlumbernewyork.com/product/ipe-2x12/;https://brazilianlumber.com/product/ipe-2x12/
NJ;product;https://brazilianlumbernewyork.com/product/ipe-2x2/;https://brazilianlumber.com/product/ipe-2x2/
NJ;product;https://brazilianlumbernewyork.com/product/ipe-2x4/;https://brazilianlumber.com/product/ipe-2x4-dimensional-lumber/
NJ;product;https://brazilianlumbernewyork.com/product/ipe-2x6/;https://brazilianlumber.com/product/ipe-2x6/
NJ;product;https://brazilianlumbernewyork.com/product/ipe-2x8/;https://brazilianlumber.com/product/ipe-2x8/
NJ;product;https://brazilianlumbernewyork.com/product/ipe-4x4/;https://brazilianlumber.com/product/ipe-4x4/
NJ;product;https://brazilianlumbernewyork.com/product/ipe-4x6/;https://brazilianlumber.com/product/ipe-4x6/
NJ;product;https://brazilianlumbernewyork.com/product/ipe-5-4x10/;https://brazilianlumber.com/product/ipe-5-4x6/
NJ;product;https://brazilianlumbernewyork.com/product/ipe-5-4x12/;https://brazilianlumber.com/product/ipe-5-4x12-lumber/
NJ;product;https://brazilianlumbernewyork.com/product/ipe-5-4x6/;https://brazilianlumber.com/product/ipe-5-4x6/
NJ;product;https://brazilianlumbernewyork.com/product/ipe-5-4x8/;https://brazilianlumber.com/product/ipe-5-4x8-decking/
NJ;product;https://brazilianlumbernewyork.com/product/ipe-6x6/;https://brazilianlumber.com/product/ipe-6x6/
NJ;product;https://brazilianlumbernewyork.com/product/ipe-8x8/;https://brazilianlumber.com/product/ipe-8x8/
NJ;product;https://brazilianlumbernewyork.com/product/ipe-lumber-1x3/;https://brazilianlumber.com/product/ipe-lumber-1x3/
NJ;product;https://brazilianlumbernewyork.com/product/ipe-lumber-3x10/;https://brazilianlumber.com/product/ipe-lumber-3x10/
NJ;product;https://brazilianlumbernewyork.com/product/ipe-lumber-3x12/;https://brazilianlumber.com/product/ipe-lumber-3x12/
NJ;product;https://brazilianlumbernewyork.com/product/ipe-lumber-3x6/;https://brazilianlumber.com/product/ipe-lumber-3x6/
NJ;product;https://brazilianlumbernewyork.com/product/ipe-lumber-3x8/;https://brazilianlumber.com/product/ipe-lumber-3x8/
NJ;product;https://brazilianlumbernewyork.com/product/ipe-lumber-4x10/;https://brazilianlumber.com/product/ipe-lumber-4x10/
NJ;product;https://brazilianlumbernewyork.com/product/ipe-lumber-4x12/;https://brazilianlumber.com/product/ipe-lumber-4x12/
NJ;product;https://brazilianlumbernewyork.com/product/ipe-lumber-4x8/;https://brazilianlumber.com/product/ipe-lumber-4x8/
NJ;product;https://brazilianlumbernewyork.com/product/ipe-tropical-hardwood-1x2-dimensional-lumber/;https://brazilianlumber.com/product/ipe-tropical-hardwood-1x2-dimensional-lumber/
NJ;product;https://brazilianlumbernewyork.com/product/ipe-tropical-hardwood-5-4x4-standard/;https://brazilianlumber.com/product/ipe-tropical-hardwood-1x2/
NJ;product;https://brazilianlumbernewyork.com/product/ipe-wood-wall-panels-5-4x6/;https://brazilianlumber.com/product/ipe-wood-wall-panels-5-4x6/
NJ;product;https://brazilianlumbernewyork.com/product/jatoba-wood-wall-panels-5-4x6/;https://brazilianlumber.com/product/jatoba-wood-wall-panels-5-4x6/
NJ;product;https://brazilianlumbernewyork.com/product/poplar-wood-wall-panels-5-4x6/;https://brazilianlumber.com/product/poplar-wood-wall-panels-5-4x6/
NJ;product;https://brazilianlumbernewyork.com/product/prestige-collection-grand-grid-cladding-1x8-by-deckotech/;https://brazilianlumber.com/product/prestige-collection-grand-grid-cladding-by-deckotech/
NJ;product;https://brazilianlumbernewyork.com/product/prestige-collection-grid-cladding-1x6-by-deckotech/;https://brazilianlumber.com/product/prestige-collection-grid-cladding-1x6-by-deckotech/
NJ;product;https://brazilianlumbernewyork.com/product/prestige-collection-grid-cladding-corner-piece-by-deckotech/;https://brazilianlumber.com/product/prestige-collection-grand-grid-cladding-by-deckotech/
NJ;product;https://brazilianlumbernewyork.com/product/prestige-collection-grid-strong-double-gate-by-deckotech/;https://brazilianlumber.com/product/prestige-collection-grid-strong-double-gate-by-deckotech/
NJ;product;https://brazilianlumbernewyork.com/product/prestige-collection-grooved-two-sides-decking-board-by-deckotech/;https://brazilianlumber.com/product/prestige-collection-grooved-two-sides-decking-board-by-deckotech/
NJ;product;https://brazilianlumbernewyork.com/product/prestige-collection-shiplap-cladding-by-deckotech/;https://brazilianlumber.com/product/prestige-collection-shiplap-cladding-by-deckotech/
NJ;product;https://brazilianlumbernewyork.com/product/prestige-collection-smooth-fence-set-by-deckotech/;https://brazilianlumber.com/product/prestige-collection-strong-fence-set-by-deckotech/
NJ;product;https://brazilianlumbernewyork.com/product/prestige-collection-smooth-shield-double-gate-by-deckotech-6x4/;https://brazilianlumber.com/product/prestige-collection-grid-strong-double-gate-by-deckotech/
NJ;product;https://brazilianlumbernewyork.com/product/prestige-collection-square-decking-board-by-deckotech/;https://brazilianlumber.com/product/prestige-collection-grooved-two-sides-decking-board-by-deckotech/
NJ;product;https://brazilianlumbernewyork.com/product/prestige-collection-stairboard-by-deckotech/;https://brazilianlumber.com/product/prestige-collection-grooved-two-sides-decking-board-by-deckotech/
NJ;product;https://brazilianlumbernewyork.com/product/prestige-collection-strong-fence-set-by-deckotech/;https://brazilianlumber.com/product/prestige-collection-strong-fence-set-by-deckotech/
NJ;product;https://brazilianlumbernewyork.com/product/prestige-smooth-shield-single-gate-by-deckotech/;https://brazilianlumber.com/product/prestige-collection-grid-strong-double-gate-by-deckotech/
NJ;product;https://brazilianlumbernewyork.com/product/red-oak-wood-wall-panels-5-4x6/;https://brazilianlumber.com/product/red-oak-wood-wall-panels-5-4x6/
NJ;product;https://brazilianlumbernewyork.com/product/solara-collection-aluminum-battens-by-deckotech/;https://brazilianlumber.com/product/solara-collection-aluminum-grid-cladding-by-deckotech/
NJ;product;https://brazilianlumbernewyork.com/product/solara-collection-aluminum-grid-cladding-by-deckotech/;https://brazilianlumber.com/product/solara-collection-aluminum-grid-cladding-by-deckotech/
NJ;product;https://brazilianlumbernewyork.com/product/solara-collection-aluminum-louvers-by-deckotech/;https://brazilianlumber.com/product/solara-collection-aluminum-louvers-by-deckotech/
NJ;product;https://brazilianlumbernewyork.com/product/terra-collection-finishing-trim-by-deckotech/;https://brazilianlumber.com/product/terra-collection-grid-cladding-by-deckotech/
NJ;product;https://brazilianlumbernewyork.com/product/terra-collection-grid-cladding-by-deckotech/;https://brazilianlumber.com/product/terra-collection-grid-cladding-by-deckotech/
NJ;product;https://brazilianlumbernewyork.com/product/terra-collection-grooved-two-sides-decking-board-by-deckotech/;https://brazilianlumber.com/product/terra-collection-grid-cladding-by-deckotech/
NJ;product;https://brazilianlumbernewyork.com/product/terra-collection-shiplap-corner-piece-by-deckotech/;https://brazilianlumber.com/product/terra-collection-grid-cladding-by-deckotech/
NJ;product;https://brazilianlumbernewyork.com/product/terra-collection-silent-haven-fence-set-by-deckotech/;https://brazilianlumber.com/product/terra-collection-silent-haven-fence-set-by-deckotech/
NJ;product;https://brazilianlumbernewyork.com/product/terra-collection-square-decking-board-by-deckotech/;https://brazilianlumber.com/product/terra-collection-grid-cladding-by-deckotech/
NJ;product;https://brazilianlumbernewyork.com/product/terra-essence-collection-two-sides-color-decking-board-by-deckotech/;https://brazilianlumber.com/product/terra-collection-grid-cladding-by-deckotech/
NJ;product;https://brazilianlumbernewyork.com/product/tigerwood-tropical-hardwood-1x6/;https://brazilianlumber.com/product/tigerwood-tropical-hardwood-1x6/
NJ;product;https://brazilianlumbernewyork.com/product/walnut-wood-wall-panels-5-4x6/;https://brazilianlumber.com/product/walnut-wood-wall-panels-5-4x6/
NJ;product;https://brazilianlumbernewyork.com/product/white-oak-wood-wall-panels-5-4x6/;https://brazilianlumber.com/product/white-oak-wood-wall-panels-5-4x6/
NJ;pages;https://brazilianlumbernewyork.com/projects/;https://brazilianlumber.com/projects/
NJ;posts;https://brazilianlumbernewyork.com/pvc-vs-composite-decking/;https://brazilianlumber.com/guides/pvc-vs-composite-decking/
NJ;pages;https://brazilianlumbernewyork.com/rancho-palos-verdes/;https://brazilianlumber.com/areas-we-serve/
NJ;pages;https://brazilianlumbernewyork.com/redondo-beach/;https://brazilianlumber.com/areas-we-serve/
NJ;pages;https://brazilianlumbernewyork.com/request-a-quote/;https://brazilianlumber.com/request-a-quote/
NJ;posts;https://brazilianlumbernewyork.com/request-a-quote/;https://brazilianlumber.com/guides/request-a-quote/
NJ;pages;https://brazilianlumbernewyork.com/request-samples/;https://brazilianlumber.com/request-samples/
NJ;pages;https://brazilianlumbernewyork.com/riverside/;https://brazilianlumber.com/locations/riverside/
NJ;pages;https://brazilianlumbernewyork.com/sacramento/;https://brazilianlumber.com/locations/sacramento/
NJ;pages;https://brazilianlumbernewyork.com/san-bernardino/;https://brazilianlumber.com/locations/san-bernardino/
NJ;pages;https://brazilianlumbernewyork.com/san-diego/;https://brazilianlumber.com/locations/san-diego/
NJ;pages;https://brazilianlumbernewyork.com/san-francisco/;https://brazilianlumber.com/locations/san-francisco/
NJ;pages;https://brazilianlumbernewyork.com/san-jose/;https://brazilianlumber.com/locations/san-jose/
NJ;pages;https://brazilianlumbernewyork.com/san-mateo/;https://brazilianlumber.com/locations/san-mateo/
NJ;pages;https://brazilianlumbernewyork.com/san-pedro/;https://brazilianlumber.com/areas-we-serve/
NJ;pages;https://brazilianlumbernewyork.com/santa-ana/;https://brazilianlumber.com/locations/santa-ana/
NJ;pages;https://brazilianlumbernewyork.com/santa-barbara/;https://brazilianlumber.com/locations/santa-barbara/
NJ;pages;https://brazilianlumbernewyork.com/santa-clarita/;https://brazilianlumber.com/locations/santa-clarita/
NJ;pages;https://brazilianlumbernewyork.com/santa-monica/;https://brazilianlumber.com/locations/santa-monica/
NJ;pages;https://brazilianlumbernewyork.com/seal-beach/;https://brazilianlumber.com/areas-we-serve/
NJ;pages;https://brazilianlumbernewyork.com/shop/;https://brazilianlumber.com/shop/
NJ;pages;https://brazilianlumbernewyork.com/sierra-madre/;https://brazilianlumber.com/areas-we-serve/
NJ;pages;https://brazilianlumbernewyork.com/silver-lake/;https://brazilianlumber.com/areas-we-serve/
NJ;posts;https://brazilianlumbernewyork.com/small-backyards-design/;https://brazilianlumber.com/guides/small-backyards-design/
NJ;pages;https://brazilianlumbernewyork.com/south-pasadena/;https://brazilianlumber.com/areas-we-serve/
NJ;pages;https://brazilianlumbernewyork.com/stockton/;https://brazilianlumber.com/locations/stockton/
NJ;pages;https://brazilianlumbernewyork.com/sunnyvale/;https://brazilianlumber.com/locations/sunnyvale/
NJ;pages;https://brazilianlumbernewyork.com/terms-and-conditions/;https://brazilianlumber.com/
NJ;pages;https://brazilianlumbernewyork.com/thank-you/;https://brazilianlumber.com/
NJ;posts;https://brazilianlumbernewyork.com/the-paradox-of-logging/;https://brazilianlumber.com/guides/the-paradox-of-logging/
NJ;pages;https://brazilianlumbernewyork.com/thermal-nation-wide-la/;https://brazilianlumber.com/thermal-nation-wide-la/
NJ;pages;https://brazilianlumbernewyork.com/thermally-modified-wood/;https://brazilianlumber.com/decking/thermally-modified/
NJ;pages;https://brazilianlumbernewyork.com/thermo-woods-ca/;https://brazilianlumber.com/thermo-woods-fl/
NJ;posts;https://brazilianlumbernewyork.com/timbertech-cladding-installation/;https://brazilianlumber.com/guides/timbertech-cladding-installation/
NJ;pages;https://brazilianlumbernewyork.com/timbertech-composite-decking/;https://brazilianlumber.com/decking/composite/timbertech/
NJ;posts;https://brazilianlumbernewyork.com/tropical-hardwoods-vs-composite-deck/;https://brazilianlumber.com/guides/tropical-hardwoods-vs-composite-deck/
NJ;pages;https://brazilianlumbernewyork.com/tropical-hardwoods/;https://brazilianlumber.com/tropical-hardwoods/
NJ;pages;https://brazilianlumbernewyork.com/tustin/;https://brazilianlumber.com/areas-we-serve/
NJ;posts;https://brazilianlumbernewyork.com/understanding-janka-hardness/;https://brazilianlumber.com/guides/understanding-janka-hardness/
NJ;pages;https://brazilianlumbernewyork.com/venice/;https://brazilianlumber.com/areas-we-serve/
NJ;pages;https://brazilianlumbernewyork.com/west-hollywood/;https://brazilianlumber.com/areas-we-serve/
NJ;pages;https://brazilianlumbernewyork.com/west-los-angeles/;https://brazilianlumber.com/locations/west-los-angeles/
NJ;pages;https://brazilianlumbernewyork.com/whittier/;https://brazilianlumber.com/areas-we-serve/
NJ;pages;https://brazilianlumbernewyork.com/wholesale/;https://brazilianlumber.com/wholesale-prices/
NJ;posts;https://brazilianlumbernewyork.com/wood-design-in-outdoor-spaces/;https://brazilianlumber.com/guides/wood-design-in-outdoor-spaces/
NJ;pages;https://brazilianlumbernewyork.com/wood-wall-panels/;https://brazilianlumber.com/cladding-siding/wood-wall-panels/
NJ;pages;https://brazilianlumbernewyork.com/woodland-hills/;https://brazilianlumber.com/areas-we-serve/
